Tool;IdNumber;ToolType;ToolUserType;Permanent;UnitsDiameter;Diameter;Angle;Radius;ProfileRadius;UpperRadius;NumTeeth;Description;TaperAngle;ShankDiameter;UnitsLength;Length;TotalLength;ShoulderLength;Startshoulderlength;TipLength;CuttingLength;HLength;Material;UnitsFeedSpin;Ftype;FeedXY;FeedZ;FeedFinish;Stype;Spin;SpinFinish;FeedZPenetration;FeedLeadIn;FeedLeadOut;FeedLink;ToolName;ToolGroupName;HolderName;GroupHolderName;Direction;ChamferLength;TipDiameter;ShoulderDiameter;ShoulderAngle;Message1;Message2;Message3;Message4;Message5;FloodCoolant;MistCoolant;HighPressureCoolant;LowPressureCoolant;ThroughHighPressureCoolant;ThroughLowPressureCoolant;AirBlastCoolant;MinimumQuantityLubricationCoolant;MinimumQuantityLubricationValue;Rough;SpinDirection;SpinLimit;ThreadingStandard;ThreadStandardByUser;ThreadingTableStandard;NumThreads;Pitch;PitchUnit
1;3D_TASTER;PROBE;Taster_Heidenhain_TS460;1;mm;4;0;0;0;0;0;3D Taster Heidenhain / TS 460;0;41;mm;63;168;52;0;0;0;63;None;mm;F;1000;300;800;S;3500;3500;Y;100;100;200;;;;;From Face;0;0;2;0;;;0;;;0;0;0;0;0;0;0;0;-1e-12;0;CW;0;;0;;0;0;mm
3;MK_D40_HOCHVORSCHUB;FACE MILL;PowerFeed_D40_Schrupp;1;mm;41.9999;0;0;0;0;7;D40 Hochvorschub / Ingersoll / 5G5D042R00;90;32;mm;41;39.9996;3.6;3.6;0;3;125;None;mm;Fz;0.7;0.5;0.7;V;160;160;N;100;100;200;;;A=84mm_22_SM22SKK084_Ingersoll_dick;;On B-axis;0;41.9999;32;0;5G5D042R00;HSKA63SM22SK084;0;;HSK 63;0;0;0;0;0;0;1;0;0;1;CW;0;;0;;0;0;mm
4;MK_D50_ECK_EDELSTAHL;FACE MILL;GoldTrio_MK_D50;1;mm;50;0;0.8;0;0;7;MK_D50_Eck / Ingersoll;90;50;mm;40;39.3;8.4;8.4;0;7;90;None;mm;Fz;0.08;0.08;0.06;V;110;125;Y;100;100;200;;;A=50mm_22_306530;;On B-axis;0;50;50;0;KJ5D050R00;306530 22;0;;HSK 63;0;0;0;0;0;0;0;0;0;0;CW;0;;0;;0;0;mm
6;D40_RUNDPLATTE;FACE MILL;Blade_Master_D42_Rundplatte;1;mm;42;0;6;0;0;5;Blade_Master_D42_Rundplatte;90;40;mm;90;40;20;18;0;12;90;None;mm;Fz;0.2;0.1;0.2;S;1136.82;1136.82;N;100;100;200;;;A= 50mm_16_306530;;On B-axis;0;42;34;10;5B5H042R01;306530 16;0;;HSK 63;0;0;0;0;0;0;0;0;0;0;CW;0;;0;;0;0;mm
8;MK_D32_ECK_EINSCHRAUBER;FACE MILL;GoldTrio_MK_D32;1;mm;32;0;0;0;0;5;MK_D32_Eck / Ingersoll;90;32;mm;67;66.3;8.4;8.4;0;7;144;None;mm;F;1000;300;800;S;3500;3500;Y;100;100;200;;;M16x75_A=101mm_Einschraubaufnahme_307044;;On B-axis;0;32;32;0;1KJ1D032043X8R00;307044 M16x75;0;;HSK 63;0;0;0;0;0;0;1;0;0;0;CW;0;;0;;0;0;mm
9;MK_D40_ECK;FACE MILL;GoldTrio_MK_D40;1;mm;40.001;0;0.8;0;0;6;MK_D40_Eck / Ingersoll;90;40.001;mm;40;39.3;8.4;8.4;0;7;140;None;mm;F;1400;300;1400;S;1350;1350;Y;100;100;200;;;A=100mm_16_306562;;On B-axis;0;40.001;40.001;0;KJ5D040R00;306562 16;0;;HSK 63;0;0;0;0;0;0;1;0;0;0;CW;0;;0;;0;0;mm
10;MK_D63_ECK;FACE MILL;GoldTrio_MK_D63;1;mm;63;0;0.8;0;0;9;MK_D63_Eck / Ingersoll;90;63;mm;40;39.3;8.4;8.4;0;7;140;None;mm;F;1000;300;1000;S;1000;1000;Y;100;100;200;;;A=100mm_22_306562;;On B-axis;0;63;63;0;KJ5D063R00;306562 22;0;;HSK 63;0;0;0;0;0;0;1;0;0;0;CW;0;;0;;0;0;mm
11;MK_D40_SCHLICHT_ALU;FACE MILL;40er_Schlicht_MK_ALU_12F1D040043X8R00;1;mm;40;0;0;0;0;4;MK_D63 Schlicht / MircoMill / Ingersoll /12F1D040043X8R00;90;40;mm;67;66.6;1.8;1.8;0;1.5;152;None;mm;F;1500;300;1500;S;8000;8000;N;100;100;200;;;EIN_SCHRAUBER_AUFNAHME_4542283;;On B-axis;0;40;40;0;12F1D040043X8R00;HSKA63ODP16X109;0;;HSK 63;0;0;0;0;0;0;0;0;0;0;CW;0;;0;;0;0;mm
12;MK_D63_SCHLICHT;FACE MILL;63er_Schlicht_MK_2F6D063R00;1;mm;63;0;0.5;0;0;6;MK_D63 Schlicht / MircoMill / Ingersoll / 2F6D063R00;90;63;mm;40;39.6;1.2;1.2;0;1;115;None;mm;F;300;300;300;S;800;800;Y;100;100;200;;;A=75mm_22_306541;;On B-axis;0;63;63;0;2F6D063R00;306541 22;0;;HSK 63;0;0;0;0;0;0;0;0;0;0;CW;0;;0;;0;0;mm
14;MK_D63_SCHRUPP;FACE MILL;DiposTetra_MK_D63_Schrupp;1;mm;63;0;1.6;0;0;7;MK_D63_Schrupp / Ingersoll / TJ5Q063R00;90;32;mm;40;40;12;12;0;10;90;None;mm;F;1000;300;800;S;3500;3500;Y;100;100;200;;;A=50mm_22_306530;;On B-axis;0;63;32;0;TJ5Q063R00;306530 22;0;;HSK 63;0;0;0;0;0;0;1;0;0;0;CW;0;;0;;0;0;mm
16;MK_D20_ALU_EINSCHRAUBER;FACE MILL;20er_ALU_MK_Einschrauber;1;mm;20;0;0;0;0;4;20er_ALU_MK_Einschrauber / Ingersoll / HiPos ALU / 12J1D020022TSR00;90;12;mm;22;36.0002;22;9;0;5.7;222;None;mm;Fz;0.08;0.08;0.08;V;1000;1000;N;100;100;200;;;Schrumpffutter_kurz_308165_20;;On B-axis;0;20;19;90;12J1D020022TSR00;308165 20;S020T12HA120;;HSK 63;0;0;0;0;0;0;0;0;0;1;CW;0;;0;;0;0;mm
17;MK_D25_ALU_EINSCHRAUBER;FACE MILL;25er_ALU_MK_Einschrauber;1;mm;25;0;1.2;0;0;2;Hipos Alufr�ser / D25mm / Einschrauber;90;25;mm;65;64.98;19.2;19.2;0;16;127;None;mm;F;4375;3500;1750;S;17500;17500;Y;100;100;200;;;ODP_M12x84_A=84mm_Einschraubaufnahme_Ingersoll;;On B-axis;0;25;25;0;1AX2K025043X7R00;HSKA63ODP12X84;0;;HSK 63;0;0;0;0;0;0;0;0;0;0;CW;0;;0;;0;0;mm
18;MK_D32_ALU_EINSCHRAUBER;FACE MILL;32er_ALU_MK_Einschrauber;1;mm;32;0;1.2;0;0;3;Hipos Alufr�ser / D32mm / Einschrauber;90;32;mm;68;67.98;19.2;19.2;0;16;152;None;mm;F;4476.23;2984.16;1641.29;V;1000;1100;Y;100;100;200;;;ODP_M16x109_A=109mm_Einschraubaufnahme_Ingersoll;;On B-axis;0;32;32;0;1AX2K032043X8R00;HSKA63ODP16X109;0;;HSK 63;0;0;0;0;0;0;0;0;0;0;CW;0;;0;;0;0;mm
19;MK_D40_ALU;FACE MILL;40er_ALU_MK_Aufsteck;1;mm;39.94;0;1.2;0;0;4;Hipos Alufr�ser / D40mm / Aufstecker;90;40;mm;50;49.98;18;18;0;15;180;None;mm;F;4000;4000;1200;S;10000;10000;Y;100;100;200;;;A=130mm_16_306566;;On B-axis;0;39.94;40;0;AX2K040R00;306566 16;0;;HSK 63;0;0;0;0;0;0;0;0;0;0;CW;0;;0;;0;0;mm
20;MK_D50_ALU;FACE MILL;50er_ALU_MK_Aufsteck_Parameter;1;mm;50;0;1.2;0;0;4;Hipos Alufr�ser / D50mm / Aufstecker;90;49;mm;50;49.98;19.2;19.2;0;15;150;None;mm;F;3819.72;2968.75;1385.42;V;1000;1100;Y;100;100;200;;;A=100mm_22_306562;;On B-axis;0;50;40;25;AX2K050R00;306562 22;0;;HSK 63;0;0;0;0;0;0;0;0;0;0;CW;0;;0;;0;0;mm
21;MK_D80_ALU;FACE MILL;80er_ALU_MK_Aufsteck;1;mm;79.94;0;0;0;0;4;Hipos Alufr�ser / D50mm / Aufstecker / 6128421 / AX2K080R00;90;100;mm;50;49.98;20.4;20.4;0;17;110;None;mm;Fz;0.15;0.019635;0.15;V;1200;1200;N;100;100;200;;;A=60mm_27_306530;;On B-axis;0;79.94;100;0;AX2K080R00;306530 27;0;;HSK 63;0;0;0;0;0;0;0;0;0;0;CW;0;;0;;0;0;mm
22;MK_D100_ALU;FACE MILL;100er_ALU_MK_Aufsteck;1;mm;100;0;0;0;0;4;Hipos Alufr�ser / D50mm / Aufstecker / 6128422;90;100;mm;50;60.5;18;18;0;15;110;None;mm;Fz;0.15;0.019635;0.15;V;1200;1200;N;100;100;200;;;A=60mm_32_306530;;On B-axis;0;100;100;0;AX2K100R00;306530 32;0;;HSK 63;0;0;0;0;0;0;0;0;0;0;CW;0;;0;;0;0;mm
24;D10_SCHRUPP_SLOTMASCHINE_KURZ;END MILL;D10_Schrupp_Slotmachine_kurz_205548_10;1;mm;10;0;0;0;0;5;GARANT Master Steel SlotMachine VHM-Schruppfr�ser HPC 10 mm;0;10;mm;20;75;14;0;0;14;85;None;mm;Fz;0.06;0.055;0.06;V;180;180;Y;100;100;200;;;Weldon_304272_10;;On B-axis;0;0;10;0;205548 10;304272 10;0;;HSK 63;0;0;0;0;0;0;0;0;0;1;CW;0;;0;;0;0;mm
25;NC_ANBOHRER_D10_90GRD;SPOT DRILL;D10_VHM_NC_Anbohrer_90GRD_121040;1;mm;10;90;0;0;0;1;VHM / NC Anbohrer / 90 Grad / 121040;0;10;mm;20;70;15;0;0;5;140;None;mm;F;100;100;100;S;1200;1200;Y;100;100;200;;;Schrumpffutter_extra_Schlank_A=120mm_308318_10;;On B-axis;0;0;10;0;121040 10;308318 10;0;;HSK 63;1;0;0;0;0;0;0;0;0;0;CW;0;;0;;0;0;mm
26;NC_ANBOHRER_16_90GRD_LANG;SPOT DRILL;D16_VHM_NC_Anbohrer_90GRD_121051;1;mm;16;90;0;0;0;1;VHM_NC-Anbohrer 142 Grad / D16 / 121121;0;16;mm;213;200;150;0;0;8;308;None;mm;F;120;120;120;S;1200;1200;Y;100;100;200;;;Schrumpffutter_normal_(vernickelt)_308172_16;;On B-axis;0;0;16;0;121051 16;308172 16;0;;HSK 63;1;0;0;0;0;0;0;0;0;0;CW;0;;0;;0;0;mm
27;NC_ANBOHRER_D20_90GRD;SPOT DRILL;D20_VHM_NC_Anbohrer_90GRD_121040;1;mm;20;90;0;0;0;1;VHM / NC Anbohrer / 90 Grad / 121040 20;0;20;mm;27;100;20;0;0;10;107;None;mm;F;80;80;80;V;90;90;Y;100;100;200;;;Weldon_304272_20;;On B-axis;0;0;20;0;121040 20;304272 20;0;;HSK 63;1;0;0;0;0;0;0;0;0;0;CW;0;;0;;0;0;mm
30;NC_ANBOHRER_12_142GRD;SPOT DRILL;D12_VHM_NC_Anbohrer_142GRD_121070;1;mm;12;142;0;0;0;1;VHM_NC-Anbohrer 142 Grad / D12 / 121070;0;12;mm;33;70;28;0;0;2.06597;153;None;mm;F;85;85;85;V;80;80;Y;100;100;200;;;Schrumpffutter_extra_Schlank_A=120mm_308318_10;;On B-axis;0;0;12;0;121070 12;308318 12;0;;HSK 63;1;0;0;0;0;0;0;0;0;0;CW;0;;0;;0;0;mm
32;FASER_D6_30GRD;CHAMFER DRILL;VHM_Entgrater_D6_30GRD;1;mm;6;60;0;0;0;1;VHM-Entgrater 30� 6 mm;0;6;mm;24;60;20;0;0;5.2;144;None;mm;F;600;300;600;S;4000;4000;Y;100;100;200;;;Schrumpffutter_lang_A=120mm_308192_6;;On B-axis;0;0;6;0;208127 6;308192 6;0;;HSK 63;0;0;0;0;0;0;0;0;-1e-12;0;CW;0;;0;;0;0;mm
33;FASER_D4;CHAMFER DRILL;VHM_Entgrater_D4_208105;1;mm;4;90;0;0;0;4;VHM Entgrater / 90 Grad / 208105 4;0;4;mm;20;54;10;0;0;2.5;140;None;mm;Fz;0.06;0.063;0.06;V;100;100;Y;100;100;200;;;extra_Schlanke_Spannzange_A120mm_304972;;On B-axis;0;0;4;0;208105 4;304972 2-6;309563 4;;HSK 63;1;0;0;0;0;0;0;0;-1e-12;0;CW;0;;0;;0;0;mm
34;FASER_D6;CHAMFER DRILL;VHM_Entgrater_D6_208164;1;mm;6;90;0;0;0;6;VHM Entgrater / 90 Grad / 208164;0;6;mm;15;57;10;0;0;3.5;135;None;mm;Fz;0.03;0.03;0.03;V;100;100;Y;100;100;200;;;Schrumpffutter_extra_Schlank_A=120mm_308318_6;;On B-axis;0;0;6;0;208164 6;308318 6;0;;HSK 63;1;0;0;0;0;0;0;0;-1e-12;0;CW;0;;0;;0;0;mm
35;FASER_D8;CHAMFER DRILL;VHM_Entgrater_D8_208164;1;mm;8;90;0;0;0;6;VHM Entgrater / 90 Grad / 208164;0;8;mm;15;63;10;0;0;4.5;135;None;mm;Fz;0.04;0.04;0.04;V;100;100;Y;100;100;200;;;Schrumpffutter_extra_Schlank_A=120mm_308318_8;;On B-axis;0;0;8;0;208164 8;308318 8;0;;HSK 63;1;0;0;0;0;0;0;0;-1e-12;0;CW;0;;0;;0;0;mm
36;FASER_D10;CHAMFER DRILL;VHM_Entgrater_D10_208164;1;mm;10;90;0;0;0;6;VHM Entgrater / 90 Grad / 208164;0;10;mm;40;72;15;0;0;5.5;160;None;mm;F;954.93;954.93;954.93;V;100;100;Y;100;100;200;;;Schrumpffutter_extra_Schlank_A=120mm_308318_10;;On B-axis;0;0;10;0;208164 10;308318 10;0;;HSK 63;1;0;0;0;0;0;0;0;-1e-12;0;CW;0;;0;;0;0;mm
37;RW_ENTGRATER_45GRD_6X7.8;END MILL;RW_Entgrater_45GRD_6x7.8;1;mm;7.8;0;0;0;0;4;VHM-Vor- und R�ckw�rtsentgrater 7.8 mm / Artikel-Nr.: 208180 7.8;0;6;mm;38;100;2.4;0;0;2;118;None;mm;F;280;227.364;280;V;65;65;N;100;100;200;;;Schrumpffutter_normal_(vernickelt)_308172_6;;On B-axis;0;0;6;0;208180 7.8;308172 6;0;;HSK 63;1;0;0;0;0;0;0;0;0;0;CW;0;;0;;0;0;mm
43;D1_SCHLICHT_KURZ;END MILL;D1_Schaftfr�ser_MTC_202392;1;mm;1;0;0;0;0;3;VHM Schaftfr�ser/Schlicht u. Schrupp/MTC/Gold/kurze Schneiden/202392;0;6;mm;12;57;5;0;0;2.5;142;None;mm;Fz;0.01;0.00471239;0.005;V;200;220;Y;100;100;200;;;Schrumpffutter_lang_A=130mm_308196_6;;On B-axis;0;0;1;30;202392 1;308196 6;0;;HSK 63;1;0;0;0;0;0;0;0;0;0;CW;0;;0;;0;0;mm
44;D1.5_SCHLICHT_KURZ;END MILL;D1.5_Schaftfr�ser_MTC_202392;1;mm;1.5;0;0;0;0;3;VHM Schaftfr�ser/Schlicht u. Schrupp/MTC/Gold/kurze Schneiden/202392;0;6;mm;20;57;7.5;0;0;4;150;None;mm;Fz;0.01;0.00471239;0.005;V;200;220;Y;100;100;200;;;Schrumpffutter_lang_A=130mm_308196_6;;On B-axis;0;0;1.5;30;202392 1 5;308196 6;0;;HSK 63;1;0;0;0;0;0;0;0;0;0;CW;0;;0;;0;0;mm
45;D2_SCHLICHT_KURZ;END MILL;D2_Schaftfr�ser_MTC_202392;1;mm;2;0;0;0;0;3;VHM Schaftfr�ser/Schlicht u. Schrupp/MTC/Gold/kurze Schneiden/202392;0;6;mm;20;57;10;0;0;5;150;None;mm;Fz;0.02;0.01;0.01;V;200;220;Y;100;100;200;;;Schrumpffutter_lang_A=130mm_308196_6;;On B-axis;0;0;2;30;202392 2;308196 6;0;;HSK 63;1;0;0;0;0;0;0;0;-1e-12;0;CW;0;;0;;0;0;mm
46;D2.5_SCHLICHT_KURZ;END MILL;D2.5_Schaftfr�ser_MTC_202392;1;mm;2.5;0;0;0;0;3;VHM Schaftfr�ser/Schlicht u. Schrupp/MTC/Gold/kurze Schneiden/202392;0;6;mm;20;57;12.5;0;0;6.5;150;None;mm;Fz;0.02;0.01;0.01;V;200;220;Y;100;100;200;;;Schrumpffutter_lang_A=130mm_308196_6;;On B-axis;0;0;2.5;30;202392 2 5;308196 6;0;;HSK 63;1;0;0;0;0;0;0;0;-1e-12;0;CW;0;;0;;0;0;mm
47;D3_SCHLICHT_KURZ;END MILL;D3_Schaftfr�ser_MTC_202392;1;mm;3;0;0;0;0;3;VHM Schaftfr�ser/Schlicht u. Schrupp/MTC/Gold/kurze Schneiden/202392;0;6;mm;20;57;15;0;0;8;150;None;mm;Fz;0.02;0.015;0.015;V;200;220;Y;100;100;200;;;Schrumpffutter_lang_A=130mm_308196_6;;On B-axis;0;0;3;30;202392 3;308196 6;0;;HSK 63;1;0;0;0;0;0;0;0;-1e-12;0;CW;0;;0;;0;0;mm
48;D3.5_SCHLICHT_KURZ;END MILL;D3.5_Schaftfr�ser_MTC_202392;1;mm;3.5;0;0;0;0;3;VHM Schaftfr�ser/Schlicht u. Schrupp/MTC/Gold/kurze Schneiden/202392;0;6;mm;20;57;16;0;0;11;150;None;mm;Fz;0.022;0.015;0.015;V;200;220;Y;100;100;200;;;Schrumpffutter_lang_A=130mm_308196_6;;On B-axis;0;0;3.5;30;202392 3 5;308196 6;0;;HSK 63;1;0;0;0;0;0;0;0;-1e-12;0;CW;0;;0;;0;0;mm
49;D4_SCHLICHT_KURZ;END MILL;D4_Schaftfr�ser_MTC_202392;1;mm;4;0;0;0;0;3;VHM Schaftfr�ser/Schlicht u. Schrupp/MTC/Gold/kurze Schneiden/202392;0;6;mm;20;57;16;0;0;11;150;None;mm;Fz;0.02;0.015;0.015;V;200;220;Y;100;100;200;;;Schrumpffutter_lang_A=130mm_308196_6;;On B-axis;0;0;4;30;202392 4;308196 6;0;;HSK 63;1;0;0;0;0;0;0;0;-1e-12;0;CW;0;;0;;0;0;mm
50;D4.5_SCHLICHT_KURZ;END MILL;D4.5_Schaftfr�ser_MTC_202392;1;mm;4.5;0;0;0;0;3;VHM Schaftfr�ser/Schlicht u. Schrupp/MTC/Gold/kurze Schneiden/202392;0;6;mm;22;57;19;0;0;13;152;None;mm;Fz;0.035;0.03;0.03;V;200;220;Y;100;100;200;;;Schrumpffutter_lang_A=130mm_308196_6;;On B-axis;0;0;4.5;30;202392 4 5;308196 6;0;;HSK 63;1;0;0;0;0;0;0;0;-1e-12;0;CW;0;;0;;0;0;mm
51;D5_SCHLICHT_KURZ;END MILL;D5_Schaftfr�ser_MTC_202392;1;mm;5;0;0;0;0;3;VHM Schaftfr�ser/Schlicht u. Schrupp/MTC/Gold/kurze Schneiden/202392;0;6;mm;22;57;19;0;0;13;152;None;mm;Fz;0.04;0.03;0.03;V;200;220;Y;100;100;200;;;Schrumpffutter_lang_A=130mm_308196_6;;On B-axis;0;0;5;30;202392 5;308196 6;0;;HSK 63;1;0;0;0;0;0;0;0;-1e-12;0;CW;0;;0;;0;0;mm
52;D5_SCHLICHT_LANG;END MILL;D5_Schaftfr�ser_MTC_202392;1;mm;5;0;0;0;0;3;VHM Schaftfr�ser/Schlicht u. Schrupp/MTC/Gold/lange Schneiden/202394;0;6;mm;27;62;24;0;0;17;107;None;mm;Fz;0.04;0.03;0.03;V;200;220;Y;100;100;200;;;Schrumpffutter_normal_(vernickelt)_308172_6;;On B-axis;0;0;5;30;202394 5;308172 6;0;;HSK 63;1;0;0;0;0;0;0;0;-1e-12;0;CW;0;;0;;0;0;mm
53;D6_SCHLICHT_KURZ;END MILL;D6_Schaftfr�ser_MTC_202392;1;mm;6;0;0;0;0;3;VHM Schaftfr�ser/Schlicht u. Schrupp/MTC/Gold/kurze Schneiden/202392;0;6;mm;25;57;19;0;0;13;155;None;mm;Fz;0.04;0.035;0.035;V;200;220;Y;100;100;200;;;Schrumpffutter_lang_A=130mm_308196_6;;On B-axis;0;0;6;30;202392 6;308196 6;0;;HSK 63;1;0;0;0;0;0;0;0;-1e-12;0;CW;0;;0;;0;0;mm
54;D6_SCHLICHT_LANG;END MILL;D6_Schaftfr�ser_MTC_202394;1;mm;6;0;0;0;0;3;VHM Schaftfr�ser/Schlicht u. Schrupp/MTC/Gold/lange Schneiden/202394;0;6;mm;27;62;24;0;0;18;107;None;mm;Fz;0.04;0.035;0.035;V;200;220;Y;100;100;200;;;Schrumpffutter_normal_(vernickelt)_308172_6;;On B-axis;0;0;6;30;202394 6;308172 6;0;;HSK 63;1;0;0;0;0;0;0;0;-1e-12;0;CW;0;;0;;0;0;mm
55;D8_SCHLICHT_KURZ;END MILL;D8_Schaftfr�ser_MTC_202392;1;mm;8;0;0;0;0;3;VHM Schaftfr�ser/Schlicht u. Schrupp/MTC/Gold/kurze Schneiden/202392;0;8;mm;28;63;25;0;0;19;158;None;mm;Fz;0.042;0.035;0.035;V;200;220;Y;100;100;200;;;Schrumpffutter_lang_A=130mm_308196_8;;On B-axis;0;0;8;30;202392 8;308196 8;0;;HSK 63;1;0;0;0;0;0;0;0;-1e-12;0;CW;0;;0;;0;0;mm
56;D8_SCHLICHT_LANG;END MILL;D8_Schaftfr�ser_MTC_202394;1;mm;8;0;0;0;0;3;VHM Schaftfr�ser/Schlicht u. Schrupp/MTC/Gold/lange Schneiden/202394;0;8;mm;33;68;30;0;0;24;113;None;mm;Fz;0.042;0.035;0.035;V;200;220;Y;100;100;200;;;Schrumpffutter_normal_(vernickelt)_308172_8;;On B-axis;0;0;8;30;202394 8;308172 8;0;;HSK 63;1;0;0;0;0;0;0;0;-1e-12;0;CW;0;;0;;0;0;mm
57;D10_SCHLICHT_KURZ;END MILL;D10_Schaftfr�ser_MTC_202392;1;mm;10;0;0;0;0;3;VHM Schaftfr�ser/Schlicht u. Schrupp/MTC/Gold/kurze Schneiden/202392;0;10;mm;34;72;30;0;0;22;164;None;mm;Fz;0.06;0.05;0.05;V;200;220;Y;100;100;200;;;Schrumpffutter_lang_A=130mm_308196_10;;On B-axis;0;0;10;30;202392 10;308196 10;0;;HSK 63;1;0;0;0;0;0;0;0;-1e-12;0;CW;0;;0;;0;0;mm
58;D10_SCHLICHT_LANG;END MILL;D10_Schaftfr�ser_MTC_202394;1;mm;10;0;0;0;0;3;VHM Schaftfr�ser/Schlicht u. Schrupp/MTC/Gold/lange Schneiden/202394;0;10;mm;42;80;38;0;0;30;127;None;mm;Fz;0.06;0.05;0.05;V;200;220;Y;100;100;200;;;Schrumpffutter_normal_(vernickelt)_308172_10;;On B-axis;0;0;10;30;202394 10;308172 10;0;;HSK 63;1;0;0;0;0;0;0;0;-1e-12;0;CW;0;;0;;0;0;mm
59;D12_SCHLICHT_KURZ;END MILL;D12_Schaftfr�ser_MTC_202392;1;mm;12;0;0;0;0;3;VHM Schaftfr�ser/Schlicht u. Schrupp/MTC/Gold/kurze Schneiden/202392;0;12;mm;40;83;36;0;0;26;170;None;mm;Fz;0.06;0.05;0.05;V;200;220;Y;100;100;200;;;Schrumpffutter_lang_A=130mm_308196_12;;On B-axis;0;0;12;30;202392 12;308196 12;0;;HSK 63;1;0;0;0;0;0;0;0;-1e-12;0;CW;0;;0;;0;0;mm
60;D12_SCHLICHT_LANG;END MILL;D12_Schaftfr�ser_MTC_202394;1;mm;12;0;0;0;0;3;VHM Schaftfr�ser/Schlicht u. Schrupp/MTC/Gold/lange Schneiden/202394;0;12;mm;50;93;46;0;0;36;140;None;mm;Fz;0.06;0.05;0.05;V;200;220;Y;100;100;200;;;Schrumpffutter_normal_(vernickelt)_308172_12;;On B-axis;0;0;12;30;202394 12;308172 12;0;;HSK 63;1;0;0;0;0;0;0;0;-1e-12;0;CW;0;;0;;0;0;mm
61;D16_SCHLICHT_KURZ;END MILL;D16_Schaftfr�ser_MTC_202392;1;mm;16;0;0;0;0;3;VHM Schaftfr�ser/Schlicht u. Schrupp/MTC/Gold/kurze Schneiden/202392;0;16;mm;47;92;42;0;0;32;177;None;mm;Fz;0.08;0.065;0.065;V;200;220;Y;100;100;200;;;Schrumpffutter_lang_A=130mm_308196_16;;On B-axis;0;0;16;30;202392 16;308196 16;0;;HSK 63;1;0;0;0;0;0;0;0;-1e-12;0;CW;0;;0;;0;0;mm
62;D16_SCHLICHT_LANG;END MILL;D16_Schaftfr�ser_MTC_202394;1;mm;16;0;0;0;0;3;VHM Schaftfr�ser/Schlicht u. Schrupp/MTC/Gold/lange Schneiden/202394;0;16;mm;63;108;58;0;0;48;158;None;mm;Fz;0.08;0.065;0.065;V;200;220;Y;100;100;200;;;Schrumpffutter_normal_(vernickelt)_308172_16;;On B-axis;0;0;16;30;202392 16;308172 16;0;;HSK 63;1;0;0;0;0;0;0;0;-1e-12;0;CW;0;;0;;0;0;mm
63;D20_SCHLICHT_KURZ;END MILL;D20_Schaftfr�ser_MTC_202392;1;mm;20;0;0;0;0;3;VHM Schaftfr�ser/Schlicht u. Schrupp/MTC/Gold/kurze Schneiden/202392;0;20;mm;57;104;52;0;0;38;187;None;mm;Fz;0.1;0.08;0.08;V;200;220;Y;100;100;200;;;Schrumpffutter_lang_A=130mm_308196_20;;On B-axis;0;0;20;30;202392 20;308196 20;0;;HSK 63;1;0;0;0;0;0;0;0;-1e-12;0;CW;0;;0;;0;0;mm
64;D20_SCHLICHT_LANG;END MILL;D20_Schaftfr�ser_MTC_202394;1;mm;20;0;0;0;0;3;VHM Schaftfr�ser/Schlicht u. Schrupp/MTC/Gold/lange Schneiden/202394;0;20;mm;80;126;74;0;0;60;180;None;mm;Fz;0.1;0.08;0.08;V;200;220;Y;100;100;200;;;Schrumpffutter_normal_(vernickelt)_308172_20;;On B-axis;0;0;20;30;202394 20;308172 20;0;;HSK 63;1;0;0;0;0;0;0;0;-1e-12;0;CW;0;;0;;0;0;mm
71;D6_SCHLICHT_UEBERLANG;END MILL;D6_Schruppfr�ser_MasterSteel_�berlang_203038;1;mm;6;0;0;0;0;4;Schruppfr�ser �berlang/ 203038/ freigeschliffen;0;6;mm;45;80;42;0;0;13;110;None;mm;Fz;0.035;0.025;0.02;V;220;230;Y;100;100;200;;;Weldon_304272_6;;On B-axis;0;0;5.8;90;203038 6;304272 6;0;;HSK 63;0;0;0;0;0;0;0;0;0;0;CW;0;;0;;0;0;mm
72;D8_SCHLICHT_UEBERLANG;END MILL;D8_Schruppfr�ser_MasterSteel_�berlang_203038;1;mm;8;0;0;0;0;4;Schruppfr�ser �berlang/ 203038/ freigeschliffen;0;8;mm;65;100;62;0;0;21;130;None;mm;Fz;0.04;0.03;0.03;V;220;230;Y;100;100;200;;;Weldon_304272_8;;On B-axis;0;0;7.7;90;203038 8;304272 8;0;;HSK 63;0;0;0;0;0;0;0;0;0;0;CW;0;;0;;0;0;mm
73;D10_SCHLICHT_UEBERLANG;END MILL;D10_Schruppfr�ser_MasterSteel_�berlang_203038;1;mm;10;0;0;0;0;4;Schruppfr�ser �berlang/ 203038/ freigeschliffen;0;10;mm;62;100;58;0;0;22;127;None;mm;Fz;0.045;0.0335;0.035;V;220;230;Y;100;100;200;;;Weldon_304272_10;;On B-axis;0;0;9.7;90;203038 10;304272 10;0;;HSK 63;0;0;0;0;0;0;0;0;0;0;CW;0;;0;;0;0;mm
74;D12_SCHLICHT_UEBERLANG;END MILL;D12_Schruppfr�ser_MasterSteel_�berlang_203038;1;mm;12;0;0;0;0;4;Schruppfr�ser �berlang/ 203038/ freigeschliffen;0;12;mm;77;120;73;0;0;26;157;None;mm;Fz;0.05;0.0335;0.035;V;220;230;Y;100;100;200;;;Weldon_304272_12;;On B-axis;0;0;11.7;90;203038 12;304272 12;0;;HSK 63;0;0;0;0;0;0;0;0;0;0;CW;0;;0;;0;0;mm
75;D16_SCHLICHT_UEBERLANG;END MILL;D16_Schruppfr�ser_MasterSteel_�berlang_203038;1;mm;16;0;0;0;0;4;Schruppfr�ser �berlang/ 203038/ freigeschliffen;0;16;mm;105;150;100;0;0;36;185;None;mm;Fz;0.065;0.045;0.045;V;220;230;Y;100;100;200;;;Weldon_304272_16;;On B-axis;0;0;15.5;90;203038 16;304272 16;0;;HSK 63;0;0;0;0;0;0;0;0;0;0;CW;0;;0;;0;0;mm
83;D4_SCHRUPP_SLOTMASCHINE;END MILL;D4_Schrupp_Slotmaschine_205550_4;1;mm;4;0;0;0;0;5;MasterSteel_Slotmachine / normale Schneidenl�nge / 205550;0;4;mm;12;57;19;0;0;11;77;None;mm;Fz;0.02;0.015;0.02;V;180;180;Y;100;100;200;;;Weldon_304272_6;;On B-axis;0;0;4;0;205550 4;304272 6;0;;HSK 63;0;0;0;0;0;0;0;0;0;1;CW;0;;0;;0;0;mm
84;D5_SCHRUPP_SLOTMASCHINE;END MILL;D5_Schrupp_Slotmaschine_205550_5;1;mm;5;0;0;0;0;5;MasterSteel_Slotmachine / normale Schneidenl�nge / 205550;0;5;mm;22;57;19;0;0;13;87;None;mm;Fz;0.02;0.015;0.02;V;180;180;Y;100;100;200;;;Weldon_304272_6;;On B-axis;0;0;5;0;205550 5;304272 6;0;;HSK 63;0;0;0;0;0;0;0;0;0;1;CW;0;;0;;0;0;mm
85;D6_SCHRUPP_SLOTMASCHINE;END MILL;D6_Schrupp_Slotmaschine_205550_6;1;mm;6;0;0;0;0;5;MasterSteel_Slotmachine / normale Schneidenl�nge / 205550;0;6;mm;22;57;19;0;0;13;87;None;mm;Fz;0.03;0.025;0.03;V;180;180;Y;100;100;200;;;Weldon_304272_6;;On B-axis;0;0;6;0;205550 6;304272 6;0;;HSK 63;0;0;0;0;0;0;0;0;0;1;CW;0;;0;;0;0;mm
86;D8_SCHRUPP_SLOTMASCHINE;END MILL;D8_Schrupp_Slotmaschine_205550_8;1;mm;8;0;0;0;0;5;MasterSteel_Slotmachine / normale Schneidenl�nge / 205550;0;8;mm;28;63;25;0;0;19;93;None;mm;Fz;0.04;0.035;0.04;V;180;180;Y;100;100;200;;;Weldon_304272_8;;On B-axis;0;0;8;0;205550 8;304272 8;0;;HSK 63;0;0;0;0;0;0;0;0;0;1;CW;0;;0;;0;0;mm
87;D10_SCHRUPP_SLOTMASCHINE;END MILL;D10_Schrupp_Slotmaschine_205550_10;1;mm;10;0;0;0;0;5;MasterSteel_Slotmachine / normale Schneidenl�nge / 205550;0;10;mm;34;72;30;0;0;22;99;None;mm;Fz;0.06;0.045;0.06;V;180;180;Y;100;100;200;;;Weldon_304272_10;;On B-axis;0;0;10;0;205550 10;304272 10;0;;HSK 63;0;0;0;0;0;0;0;0;0;1;CW;0;;0;;0;0;mm
88;D12_SCHRUPP_SLOTMASCHINE;END MILL;D12_Schrupp_Slotmaschine_205550_12;1;mm;12;0;0;0;0;5;MasterSteel_Slotmachine / normale Schneidenl�nge / 205550;0;12;mm;40;83;36;0;0;26;120;None;mm;Fz;0.06;0.045;0.06;V;180;180;Y;100;100;200;;;Weldon_304272_12;;On B-axis;0;0;12;0;205550 12;304272 12;0;;HSK 63;0;0;0;0;0;0;0;0;0;1;CW;0;;0;;0;0;mm
89;D16_SCHRUPP_SLOTMASCHINE;END MILL;D16_Schrupp_Slotmaschine_205550_16;1;mm;16;0;0;0;0;5;MasterSteel_Slotmachine / normale Schneidenl�nge / 205550;0;16;mm;47;92;42;0;0;32;127;None;mm;Fz;0.065;0.055;0.065;V;180;180;Y;100;100;200;;;Weldon_304272_16;;On B-axis;0;0;16;0;205550 16;304272 16;0;;HSK 63;0;0;0;0;0;0;0;0;0;1;CW;0;;0;;0;0;mm
111;D6_SCHRUPP_UEBERLANG;END MILL;D6_Schruppfr�ser_MTC_�berlang_205718;1;mm;6;0;0;0;0;4;Schruppfr�ser �berlang/ 205718/ freigeschliffen;0;6;mm;44;80;40;0;0;12;109;None;mm;Fz;0.02;0.02;0.02;V;150;150;Y;100;100;200;;;Weldon_304272_6;;On B-axis;0;0;5.5;90;205718 6;304272 6;0;;HSK 63;0;0;0;0;0;0;0;0;0;0;CW;0;;0;;0;0;mm
112;D8_SCHRUPP_UEBERLANG;END MILL;D8_Schruppfr�ser_MTC_�berlang_205718;1;mm;8;0;0;0;0;4;Schruppfr�ser �berlang/ 205718/ freigeschliffen;0;8;mm;55;100;50;0;0;16;120;None;mm;Fz;0.03;0.03;0.03;V;150;150;Y;100;100;200;;;Weldon_304272_8;;On B-axis;0;0;7.5;90;205718 8;304272 8;0;;HSK 63;0;0;0;0;0;0;0;0;0;0;CW;0;;0;;0;0;mm
113;D10_SCHRUPP_UEBERLANG;END MILL;D10_Schruppfr�ser_MTC_�berlang_205718;1;mm;10;0;0;0;0;4;Schruppfr�ser �berlang/ 205718/ freigeschliffen;0;10;mm;64;100;60;0;0;20;129;None;mm;Fz;0.035;0.0335;0.035;V;150;150;Y;100;100;200;;;Weldon_304272_10;;On B-axis;0;0;9.5;90;205718 10;304272 10;0;;HSK 63;0;0;0;0;0;0;0;0;0;0;CW;0;;0;;0;0;mm
114;D12_SCHRUPP_UEBERLANG;END MILL;D12_Schruppfr�ser_MTC_�berlang_205718;0;mm;12;0;0;0;0;4;Schruppfr�ser �berlang/ 205718/ freigeschliffen;0;12;mm;66;120;60;0;0;24;146;None;mm;Fz;0.04;0.0335;0.04;V;150;150;Y;100;100;200;;;Weldon_304272_12;;On B-axis;0;0;11.5;90;205718 12;304272 12;0;;HSK 63;0;0;0;0;0;0;0;0;0;0;CW;0;;0;;0;0;mm
115;D16_SCHRUPP_UEBERLANG;END MILL;D16_Schruppfr�ser_MTC_�berlang_205718;1;mm;16;0;0;0;0;5;Schruppfr�ser �berlang/ 205718/ freigeschliffen;0;16;mm;105;150;100;0;0;32;185;None;mm;Fz;0.05;0.045;0.05;V;150;150;Y;100;100;200;;;Weldon_304272_16;;On B-axis;0;0;15.5;90;205718 16;304272 16;0;;HSK 63;0;0;0;0;0;0;0;0;0;0;CW;0;;0;;0;0;mm
123;D6_SCHRUPP_TPC_GRUEN;END MILL;VHM-Schaftfr�ser_TPC_Gr�nring_D6_203089;1;mm;6;0;0;0;0;5;VHM Schaftfr�ser / TPC / Gr�nring /203089;0;6;mm;28;62;25;0;0;18;93;None;mm;Fz;0.03;0.01;0.03;V;340;340;Y;100;100;200;;;304450_6_A=65mm;;On B-axis;0;0;6;0;203089 6;304450 6;0;;HSK 63;0;0;0;0;0;0;0;0;0;0;CW;0;;0;;0;0;mm
124;D8_SCHRUPP_TPC_GRUEN;END MILL;VHM-Schaftfr�ser_TPC_Gr�nring_D8_203089;1;mm;8;0;0;0;0;5;VHM Schaftfr�ser / TPC / Gr�nring /203089;0;8;mm;35;68;30;0;0;24;100;None;mm;Fz;0.04;0.015;0.04;V;340;340;Y;100;100;200;;;304450_8_A=65mm;;On B-axis;0;0;8;0;203089 8;304450 8;0;;HSK 63;0;0;0;0;0;0;0;0;0;0;CW;0;;0;;0;0;mm
125;D10_SCHRUPP_TPC_GRUEN;END MILL;VHM-Schaftfr�ser_TPC_Gr�nring_D10_203089;1;mm;10;0;0;0;0;5;VHM Schaftfr�ser / TPC / Gr�nring /203089;0;10;mm;40;80;35;0;0;30;110;None;mm;Fz;0.04;0.015;0.04;V;340;340;Y;100;100;200;;;304450_10_A=70mm;;On B-axis;0;0;10;0;203089 10;304450 10;0;;HSK 63;0;0;0;0;0;0;0;0;0;0;CW;0;;0;;0;0;mm
126;D12_SCHRUPP_TPC_GRUEN;END MILL;VHM-Schaftfr�ser_TPC_Gr�nring_D12_203089;1;mm;12;0;0;0;0;5;VHM Schaftfr�ser / TPC / Gr�nring /203089;0;12;mm;50;93;45;0;0;36;130;None;mm;Fz;0.05;0.015;0.05;V;340;340;Y;100;100;200;;;304450_12_A=80mm;;On B-axis;0;0;12;0;203089 12;304450 12;0;;HSK 63;0;0;0;0;0;0;0;0;0;0;CW;0;;0;;0;0;mm
127;D16_SCHRUPP_TPC_GRUEN;END MILL;VHM-Schaftfr�ser_TPC_Gr�nring_D16_203089;1;mm;16;0;0;0;0;5;VHM Schaftfr�ser / TPC / Gr�nring /203089;0;16;mm;60;108;55;0;0;48;140;None;mm;Fz;0.05;0.015;0.05;V;340;340;Y;100;100;200;;;304450_16_A=80mm;;On B-axis;0;0;16;0;203089 16;304450 16;0;;HSK 63;0;0;0;0;0;0;0;0;0;0;CW;0;;0;;0;0;mm
129;D6_TPC_INGERSOLL_UNI;END MILL;D6_TPC_INGERSOLL_UNI_3064256;1;mm;6;0;0;0;0;4;HPC Fraeser / Split-Line / 47C12044W2RD020;0;6;mm;29;65;25;0;0;24;94;None;mm;Fz;0.032;0.032;0.032;V;300;300;Y;100;100;200;;;304450_6_A=65mm;;On B-axis;0;0;6;0;47C06024WERD010;304450 6;0;;HSK 63;0;0;0;0;0;0;0;0;0;0;CW;0;;0;;0;0;mm
130;D8_TPC_INGERSOLL_UNI;END MILL;D8_TPC_INGERSOLL_UNI_3064257;1;mm;8;0;0;0;0;4;HPC Fraeser / Split-Line / 47C12044W2RD020;0;8;mm;37;76;33;0;0;32;102;None;mm;Fz;0.042;0.042;0.042;V;300;300;Y;100;100;200;;;304450_8_A=65mm;;On B-axis;0;0;8;0;47C08032W0RD020;304450 8;0;;HSK 63;0;0;0;0;0;0;0;0;0;0;CW;0;;0;;0;0;mm
131;D10_TPC_INGERSOLL_UNI;END MILL;D10_TPC_INGERSOLL_UNI_3064258;1;mm;10;0;0;0;0;4;HPC Fraeser / Split-Line / 47C12044W2RD020;0;10;mm;45;90;41;0;0;40;115;None;mm;Fz;0.051;0.051;0.051;V;300;300;Y;100;100;200;;;304450_10_A=70mm;;On B-axis;0;0;10;0;47C10040W1RD020;304450 10;0;;HSK 63;0;0;0;0;0;0;0;0;0;0;CW;0;;0;;0;0;mm
132;D12_TPC_INGERSOLL_UNI;END MILL;D12_TPC_INGERSOLL_UNI_3092099;1;mm;12;0;0;0;0;4;HPC Fraeser / Split-Line / 47C12044W2RD020;0;12;mm;50;100;45;0;0;44;130;None;mm;Fz;0.06;0.06;0.06;V;300;300;Y;100;100;200;;;304450_12_A=80mm;;On B-axis;0;0;12;0;47C12044W2RD021;304450 12;0;;HSK 63;0;0;0;0;0;0;0;0;0;0;CW;0;;0;;0;0;mm
136;D6_SCHRUPP_TPC_BLAU;END MILL;VHM-Schaftfr�ser_TPC_Blauring_D6_203019;1;mm;6;0;0;0;0;5;VHM Schaftfr�ser / TPC / Blauring /203019;0;6;mm;30;62;25;0;0;18;95;None;mm;Fz;0.03;0.01;0.03;V;220;220;Y;100;100;200;;;304450_6_A=65mm;;On B-axis;0;0;6;0;203019 6;304450 6;0;;HSK 63;0;0;0;0;0;0;0;0;0;0;CW;0;;0;;0;0;mm
137;D8_SCHRUPP_TPC_BLAU;END MILL;VHM-Schaftfr�ser_TPC_Blauring_D8_203019;1;mm;8;0;0;0;0;5;VHM Schaftfr�ser / TPC / Blauring /203019;0;8;mm;33;68;30;0;0;24;98;None;mm;Fz;0.04;0.015;0.04;V;220;220;Y;100;100;200;;;304450_8_A=65mm;;On B-axis;0;0;8;0;203019 8;304450 8;0;;HSK 63;0;0;0;0;0;0;0;0;0;0;CW;0;;0;;0;0;mm
138;D10_SCHRUPP_TPC_BLAU;END MILL;VHM-Schaftfr�ser_TPC_Blauring_D10_203019;1;mm;10;0;0;0;0;5;VHM Schaftfr�ser / TPC / Blauring /203019;0;10;mm;39;80;35;0;0;30;109;None;mm;Fz;0.04;0.015;0.04;V;220;220;Y;100;100;200;;;304450_10_A=70mm;;On B-axis;0;0;10;0;203019 10;304450 10;0;;HSK 63;0;0;0;0;0;0;0;0;0;0;CW;0;;0;;0;0;mm
139;D12_SCHRUPP_TPC_BLAU;END MILL;VHM-Schaftfr�ser_TPC_Blauring_D12_203019;1;mm;12;0;0;0;0;5;VHM Schaftfr�ser / TPC / Blauring /203019;0;12;mm;50;93;45;0;0;36;130;None;mm;Fz;0.05;0.015;0.05;V;220;220;Y;100;100;200;;;304450_12_A=80mm;;On B-axis;0;0;12;0;203019 12;304450 12;0;;HSK 63;0;0;0;0;0;0;0;0;0;0;CW;0;;0;;0;0;mm
140;D16_SCHRUPP_TPC_BLAU;END MILL;VHM-Schaftfr�ser_TPC_Blauring_D16_203019;1;mm;16;0;0;0;0;5;VHM Schaftfr�ser / TPC / Blauring /203019;0;16;mm;60;108;55;0;0;48;140;None;mm;Fz;0.05;0.015;0.05;V;220;220;Y;100;100;200;;;304450_16_A=80mm;;On B-axis;0;0;16;0;203019 16;304450 16;0;;HSK 63;0;0;0;0;0;0;0;0;0;0;CW;0;;0;;0;0;mm
141;D6_TPC_INGERSOLL_EDEL_KURZ;END MILL;D6_TPC_Ingersoll_Edelstahl_5892863;1;mm;6;0;0;0;0;4;TPC Fr�ser / Ingersoll / eco-line /schwarz;0;6;mm;15;45;20;0;0;10;80;None;mm;Fz;0.035;0.035;0.035;V;170;170;Y;100;100;200;;;304450_6_A=65mm;;On B-axis;0;0;6;0;47C06010WERQ012;304450 6;0;;HSK 63;0;0;0;0;0;0;0;0;0;0;CW;0;;0;;0;0;mm
142;D6_TPC_INGERSOLL_EDEL;END MILL;D6_TPC_Ingersoll_Edelstahl_5892863;1;mm;6;0;0;0;0;4;TPC Fr�ser / Ingersoll / eco-line /schwarz;0;6;mm;28;63;29;0;0;19;93;None;mm;Fz;0.035;0.035;0.035;V;170;170;Y;100;100;200;;;304450_6_A=65mm;;On B-axis;0;0;6;0;47D06019WERT020;304450 6;0;;HSK 63;0;0;0;0;0;0;0;0;0;0;CW;0;;0;;0;0;mm
143;D8_TPC_INGERSOLL_EDEL;END MILL;D8_TPC_Ingersoll_Edelstahl_5892220;1;mm;8;0;0;0;0;4;TPC Fr�ser / Ingersoll / eco-line /schwarz;0;8;mm;35;70;33;0;0;23;100;None;mm;Fz;0.04;0.04;0.04;V;170;170;Y;100;100;200;;;304450_8_A=65mm;;On B-axis;0;0;8;0;47D08023W0RT050;304450 8;0;;HSK 63;0;0;0;0;0;0;0;0;0;0;CW;0;;0;;0;0;mm
144;D10_TPC_INGERSOLL_EDEL;END MILL;D10_TPC_Ingersoll_Edelstahl_5892221;1;mm;10;0;0;0;0;4;TPC Fr�ser / Ingersoll / eco-line /schwarz;0;10;mm;45;81;43;0;0;33;115;None;mm;Fz;0.05;0.05;0.05;V;170;170;Y;100;100;200;;;304450_10_A=70mm;;On B-axis;0;0;10;0;47D10033W1RT050;304450 10;0;;HSK 63;0;0;0;0;0;0;0;0;0;0;CW;0;;0;;0;0;mm
145;D12_TPC_INGERSOLL_EDEL;END MILL;D12_TPC_Ingersoll_Edelstahl_5892222;1;mm;12;0;0;0;0;4;TPC Fr�ser / Ingersoll / eco-line /schwarz;0;12;mm;50;94;47;0;0;37;130;None;mm;Fz;0.06;0.06;0.06;V;170;170;Y;100;100;200;;;304450_12_A=80mm;;On B-axis;0;0;12;0;47D12037W2RT050;304450 12;0;;HSK 63;0;0;0;0;0;0;0;0;0;0;CW;0;;0;;0;0;mm
146;D16_TPC_INGERSOLL_EDEL;END MILL;D16_TPC_Ingersoll_Edelstahl_5892223;1;mm;16;0;0;0;0;4;TPC Fr�ser / Ingersoll / eco-line /schwarz;0;16;mm;60;109;50;0;0;40;140;None;mm;Fz;0.075;0.075;0.075;V;170;170;Y;100;100;200;;;304450_16_A=80mm;;On B-axis;0;0;16;0;47D16040W3RT100;304450 16;0;;HSK 63;0;0;0;0;0;0;0;0;0;0;CW;0;;0;;0;0;mm
148;D16_TPC_INGERSOLL_LILA;END MILL;D16_TPC_Ingersoll_lila_3099071;1;mm;16;0;0;0;0;4;Ingersoll TPC Fr�ser f�r Edelstahl D16 / lila / extra lang;0;16;mm;60;109;56;0;0;55;140;None;mm;F;1000;300;800;V;200;200;Y;100;100;200;;;304450_16_A=80mm;;On B-axis;0;0;16;0;47C16055W3RD032;304450 16;0;;HSK 63;0;0;0;0;0;0;0;0;0;0;CW;0;;0;;0;0;mm
151;VHM_BOHRER_D2.7;DRILL;D2.7_MasterSteel_Speed_6xD_122715_2.7;1;mm;2.7;135;0;0;0;1;MasterSteel / Speed / 6xD / VHM / 122715;0;4;mm;25;57;21;0;0;21;155;None;mm;Fz;0.06;0.06;0.06;V;150;150;Y;100;100;200;;;Schrumpffutter_lang_A=130mm_308196_4;;On B-axis;0;0;2.7;30;122715 2 7;308196 4;0;;HSK 63;0;0;0;0;0;0;0;0;0;0;CW;0;;0;;0;0;mm
152;VHM_BOHRER_D3.4;DRILL;D3.4_MasterSteel_Speed_6xD_122715_3.4;1;mm;3.4;135;0;0;0;1;MasterSteel / Speed / 6xD / VHM / 122715;0;6;mm;32;66;28;0;0;28;152;None;mm;Fz;0.1;0.1;0.1;V;150;150;Y;100;100;200;;;Schrumpffutter_lang_A=120mm_308192_6;;On B-axis;0;0;4;30;122715 3 4;308192 6;0;;HSK 63;0;0;0;0;0;0;0;0;0;0;CW;0;;0;;0;0;mm
153;VHM_BOHRER_D4.5;DRILL;D4.5_MasterSteel_Speed_6xD_122715_4.5;1;mm;4.5;135;0;0;0;1;MasterSteel / Speed / 6xD / VHM / 122715;0;6;mm;40;74;36;0;0;36;160;None;mm;Fz;0.13;0.13;0.13;V;150;150;Y;100;100;200;;;Schrumpffutter_lang_A=120mm_308192_6;;On B-axis;0;0;4.5;30;122715 4 5;308192 6;0;;HSK 63;0;0;0;0;0;0;0;0;0;0;CW;0;;0;;0;0;mm
154;VHM_BOHRER_D5.5;DRILL;D5.5_MasterSteel_Speed_6xD_122715_5.5;1;mm;5.5;135;0;0;0;1;MasterSteel / Speed / 6xD / VHM / 122715;0;6;mm;48;82;44;0;0;44;168;None;mm;Fz;0.18;0.18;0.18;V;150;150;Y;100;100;200;;;Schrumpffutter_lang_A=120mm_308192_6;;On B-axis;0;0;5.5;30;122715 5 5;308192 6;0;;HSK 63;0;0;0;0;0;0;0;0;0;0;CW;0;;0;;0;0;mm
155;VHM_BOHRER_D6.6;DRILL;D6.6_MasterSteel_Speed_6xD_122715_6.6;1;mm;6.6;135;0;0;0;1;MasterSteel / Speed / 6xD / VHM / 122715;0;8;mm;57;91;53;0;0;53;177;None;mm;Fz;0.2;0.2;0.2;V;150;150;Y;100;100;200;;;Schrumpffutter_lang_A=120mm_308192_8;;On B-axis;0;0;6.6;30;122715 6 6;308192 8;0;;HSK 63;0;0;0;0;0;0;0;0;0;0;CW;0;;0;;0;0;mm
156;VHM_BOHRER_D9;DRILL;D9_MasterSteel_Speed_6xD_122715_9;1;mm;9;135;0;0;0;1;MasterSteel / Speed / 6xD / VHM / 122715;0;10;mm;65;103;61;0;0;61;185;None;mm;Fz;0.22;0.22;0.22;V;150;150;Y;100;100;200;;;Schrumpffutter_lang_A=120mm_308192_10;;On B-axis;0;0;9;30;122715 9;308192 10;0;;HSK 63;0;0;0;0;0;0;0;0;0;0;CW;0;;0;;0;0;mm
157;VHM_BOHRER_D11;DRILL;D11_MasterSteel_Speed_6xD_122715_11;1;mm;11;135;0;0;0;1;MasterSteel / Speed / 6xD / VHM / 122715;0;12;mm;75;118;71;0;0;71;195;None;mm;Fz;0.25;0.25;0.25;V;150;150;Y;100;100;200;;;Schrumpffutter_lang_A=120mm_308192_12;;On B-axis;0;0;11;30;122715 11;308192 12;0;;HSK 63;0;0;0;0;0;0;0;0;0;0;CW;0;;0;;0;0;mm
158;VHM_BOHRER_D13.5;DRILL;D13.5_MasterSteel_Speed_6xD_122715_13.5;1;mm;13.5;135;0;0;0;1;MasterSteel / Speed / 6xD / VHM / 122715;0;14;mm;82;124;77;0;0;77;202;None;mm;Fz;0.25;0.25;0.25;V;150;150;Y;100;100;200;;;Schrumpffutter_lang_A=120mm_308192_14;;On B-axis;0;0;13.5;30;122715 13 5;308192 14;0;;HSK 63;0;0;0;0;0;0;0;0;0;0;CW;0;;0;;0;0;mm
171;VHM_BOHRER_D2.3_M2.5;DRILL;D2.3_MasterSteel_Speed_6xD_122715_2.3;1;mm;2.3;135;0;0;0;1;MasterSteel / Speed / 6xD / VHM / 122715;0;4;mm;25;57;21;0;0;21;155;None;mm;Fz;0.06;0.06;0.06;V;150;150;Y;100;100;200;;;Schrumpffutter_lang_A=130mm_308196_4;;On B-axis;0;0;2.3;30;122715 2 3;308196 4;0;;HSK 63;0;0;0;0;0;0;0;0;0;0;CW;0;;0;;0;0;mm
172;VHM_BOHRER_D2.8_M3_3H7;DRILL;D2.8_MasterSteel_Speed_6xD_122715_2.8;1;mm;2.8;135;0;0;0;1;MasterSteel / Speed / 6xD / VHM / 122715;0;4;mm;25;57;21;0;0;21;155;None;mm;Fz;0.06;0.06;0.06;V;150;150;Y;100;100;200;;;Schrumpffutter_lang_A=130mm_308196_4;;On B-axis;0;0;2.8;30;122715 2 8;308196 4;0;;HSK 63;0;0;0;0;0;0;0;0;0;0;CW;0;;0;;0;0;mm
173;VHM_BOHRER_D3.7_M4;DRILL;D3.7_MasterSteel_Speed_6xD_122715_3.7;1;mm;3.7;135;0;0;0;1;MasterSteel / Speed / 6xD / VHM / 122715;0;6;mm;32;66;28;0;0;28;152;None;mm;Fz;0.1;0.1;0.1;V;150;150;Y;100;100;200;;;Schrumpffutter_lang_A=120mm_308192_6;;On B-axis;0;0;4;30;122715 3 7;308192 6;0;;HSK 63;0;0;0;0;0;0;0;0;0;0;CW;0;;0;;0;0;mm
174;VHM_BOHRER_D4.65_M5;DRILL;D4.65_MasterSteel_Speed_6xD_122715_4.65;1;mm;4.65;135;0;0;0;1;MasterSteel / Speed / 6xD / VHM / 122715;0;6;mm;40;74;36;0;0;36;160;None;mm;Fz;0.13;0.13;0.13;V;150;150;Y;100;100;200;;;Schrumpffutter_lang_A=120mm_308192_6;;On B-axis;0;0;4.65;30;122715 4 65;308192 6;0;;HSK 63;0;0;0;0;0;0;0;0;0;0;CW;0;;0;;0;0;mm
175;VHM_BOHRER_D5.55_M6;DRILL;D5.55_MasterSteel_Speed_6xD_122715_5.55;1;mm;5.55;135;0;0;0;1;MasterSteel / Speed / 6xD / VHM / 122715;0;6;mm;48;82;44;0;0;44;168;None;mm;Fz;0.18;0.18;0.18;V;150;150;Y;100;100;200;;;Schrumpffutter_lang_A=120mm_308192_6;;On B-axis;0;0;5.55;30;122715 5 55;308192 6;0;;HSK 63;0;0;0;0;0;0;0;0;0;0;CW;0;;0;;0;0;mm
176;VHM_BOHRER_D7.5_M8;DRILL;D7.5_MasterSteel_Speed_6xD_122715_7.5;1;mm;7.5;135;0;0;0;1;MasterSteel / Speed / 6xD / VHM / 122715;0;8;mm;57;91;53;0;0;53;177;None;mm;Fz;0.2;0.2;0.2;V;150;150;Y;100;100;200;;;Schrumpffutter_lang_A=120mm_308192_8;;On B-axis;0;0;7.5;30;122715 7 5;308192 8;0;;HSK 63;0;0;0;0;0;0;0;0;0;0;CW;0;;0;;0;0;mm
177;VHM_BOHRER_D9.4_M10;DRILL;D9.4_MasterSteel_Speed_6xD_122715_9.4;1;mm;9.4;135;0;0;0;1;MasterSteel / Speed / 6xD / VHM / 122715;0;10;mm;65;103;61;0;0;61;185;None;mm;Fz;0.22;0.22;0.22;V;150;150;Y;100;100;200;;;Schrumpffutter_lang_A=120mm_308192_10;;On B-axis;0;0;9.4;30;122715 9 4;308192 10;0;;HSK 63;0;0;0;0;0;0;0;0;0;0;CW;0;;0;;0;0;mm
178;VHM_BOHRER_D11.2_M12;DRILL;D11.2_MasterSteel_Speed_6xD_122715_11.2;1;mm;11.2;135;0;0;0;1;MasterSteel / Speed / 6xD / VHM / 122715;0;12;mm;75;118;71;0;0;71;195;None;mm;Fz;0.25;0.25;0.25;V;150;150;Y;100;100;200;;;Schrumpffutter_lang_A=120mm_308192_12;;On B-axis;0;0;11.2;30;122715 11 2;308192 12;0;;HSK 63;0;0;0;0;0;0;0;0;0;0;CW;0;;0;;0;0;mm
182;M3_GEWINDE_FORMER;TAP;M3_Gewindeformer_139215_H�lse;1;mm;3;0;0;0;0;1;M3_HSS Gewindeformer mit Schmiernuten / 139215 / ohne IKZ;0;3;mm;83;13;13;0;0;13;130;None;mm;Fz;0.5;0.5;0.5;V;40;40;Y;100;100;200;;;Gewinde_MLA_M1-M12_338110;;On B-axis;0.1;2.5;3;0;139215 M3;338110 M1-12;0;;HSK 63;1;0;0;0;0;0;0;0;0;0;CW;0;;0;;0;0.5;mm
183;M4_GEWINDE_FORMER;TAP;M4_Gewindeformer_139230_H�lse;1;mm;4;0;0;0;0;1;M4_HSS Gewindeformer mit Schmiernuten / 139230 / IKZ;0;6;mm;78;8;8;0;0;8;130;None;mm;Fz;0.7;0.7;0.7;V;40;40;Y;100;100;200;;;Gewinde_MLA_M1-M12_338110;;On B-axis;0.8;3.5;6;0;139230 M4;338110 M1-12;0;;HSK 63;0;0;0;0;0;0;0;0;0;0;CW;0;;0;;0;0.7;mm
184;M5_GEWINDE_FORMER;TAP;M5_Gewindeformer_139230_H�lse;1;mm;5;0;0;0;0;1;M5_HSS Gewindeformer mit Schmiernuten / 139230 / IKZ;0;6;mm;79;9;9;0;0;9;130;None;mm;Fz;0.8;0.8;0.8;V;40;40;Y;100;100;200;;;Gewinde_MLA_M1-M12_338110;;On B-axis;0.9;4.5;6;0;139230 M5;338110 M1-12;0;;HSK 63;0;0;0;0;0;0;0;0;0;0;CW;0;;0;;0;0.8;mm
185;M6_GEWINDE_FORMER;TAP;M6_Gewindeformer_139230_H�lse;1;mm;6;0;0;0;0;1;M6_HSS Gewindeformer mit Schmiernuten / 139230 / IKZ;0;6;mm;91;11;11;0;0;11;140;None;mm;Fz;1;1;1;V;40;40;Y;100;100;200;;;Gewinde_MLA_M1-M12_338110;;On B-axis;1;5.5;6;0;139230 M6;338110 M1-12;0;;HSK 63;0;0;0;0;0;0;0;0;0;0;CW;0;;0;;0;1;mm
186;M8_GEWINDE_FORMER;TAP;M8_Gewindeformer_139230_H�lse;1;mm;8;0;0;0;0;1;M8_HSS Gewindeformer mit Schmiernuten / 139230 / IKZ;0;6;mm;102;12;12;0;0;12;148;None;mm;Fz;1.25;1.25;1.25;V;40;40;Y;100;100;200;;;Gewinde_MLA_M1-M12_338110;;On B-axis;1.2;7.5;6;0;139230 M8;338110 M1-12;0;;HSK 63;0;0;0;0;0;0;0;0;0;0;CW;0;;0;;0;1.25;mm
187;M10_GEWINDE_FORMER;TAP;M10_Gewindeformer_139230_H�lse;1;mm;10;0;0;0;0;1;M10_HSS Gewindeformer mit Schmiernuten / 139230 / IKZ;0;6;mm;115;15;15;0;0;15;158;None;mm;Fz;1.5;1.5;1.5;V;40;40;Y;100;100;200;;;Gewinde_MLA_M1-M12_338110;;On B-axis;1.25;9.5;6;0;139230 M10;338110 M1-12;0;;HSK 63;0;0;0;0;0;0;0;0;0;0;CW;0;;0;;0;1.5;mm
188;M12_GEWINDE_FORMER;TAP;M12_Gewindeformer_139230_H�lse;1;mm;12;0;0;0;0;1;M12_HSS Gewindeformer mit Schmiernuten / 139230 / IKZ;0;6;mm;128;18;18;0;0;18;193;None;mm;Fz;1.75;1.75;1.75;V;40;40;Y;100;100;200;;;Gewinde_MLA_M6-M20_338110;;On B-axis;1.25;11.5;6;0;139230 M12;338110 M1-12;0;;HSK 63;0;0;0;0;0;0;0;0;0;0;CW;0;;0;;0;1.75;mm
191;VHM_BOHRER_D3.9_4H7;DRILL;D3.9_MasterSteel_Speed_6xD_122715_3.9;1;mm;3.9;135;0;0;0;1;MasterSteel / Speed / 6xD / VHM / 122715;0;6;mm;40;74;37;0;0;37;160;None;mm;Fz;0.1;0.1;0.1;V;150;150;Y;100;100;200;;;Schrumpffutter_lang_A=120mm_308192_6;;On B-axis;0;0;4;30;122715 3 9;308192 6;0;;HSK 63;0;0;0;0;0;0;0;0;0;0;CW;0;;0;;0;0;mm
192;VHM_BOHRER_D4.9_5H7;DRILL;D4.9_MasterSteel_Speed_6xD_122715_4.9;1;mm;4.9;135;0;0;0;1;MasterSteel / Speed / 6xD / VHM / 122715;0;6;mm;48;82;44;0;0;44;168;None;mm;Fz;0.13;0.13;0.13;V;150;150;Y;100;100;200;;;Schrumpffutter_lang_A=120mm_308192_6;;On B-axis;0;0;4.9;30;122715 4 9;308192 6;0;;HSK 63;0;0;0;0;0;0;0;0;0;0;CW;0;;0;;0;0;mm
193;VHM_BOHRER_D5.9_6H7;DRILL;D5.9_MasterSteel_Speed_6xD_122715_5.9;1;mm;5.9;135;0;0;0;1;MasterSteel / Speed / 6xD / VHM / 122715;0;6;mm;48;82;44;0;0;44;168;None;mm;Fz;0.18;0.18;0.18;V;150;150;Y;100;100;200;;;Schrumpffutter_lang_A=120mm_308192_6;;On B-axis;0;0;5.9;30;122715 5 9;308192 6;0;;HSK 63;0;0;0;0;0;0;0;0;0;0;CW;0;;0;;0;0;mm
194;VHM_BOHRER_D7.8_8H7;DRILL;D7.8_MasterSteel_Speed_6xD_122715_7.8;1;mm;7.8;135;0;0;0;1;MasterSteel / Speed / 6xD / VHM / 122715;0;8;mm;57;91;53;0;0;41.3;177;None;mm;Fz;0.2;0.2;0.2;V;150;150;Y;100;100;200;;;Schrumpffutter_lang_A=120mm_308192_8;;On B-axis;0;0;7.8;30;122715 7 8;308192 8;0;;HSK 63;0;0;0;0;0;0;0;0;0;0;CW;0;;0;;0;0;mm
195;VHM_BOHRER_D9.8_10H7;DRILL;D9.8_MasterSteel_Speed_6xD_122715_9.8;1;mm;9.8;135;0;0;0;1;MasterSteel / Speed / 6xD / VHM / 122715;0;10;mm;65;103;61;0;0;61;185;None;mm;Fz;0.22;0.22;0.22;V;150;150;Y;100;100;200;;;Schrumpffutter_lang_A=120mm_308192_10;;On B-axis;0;0;9.8;30;122715 9 8;308192 10;0;;HSK 63;0;0;0;0;0;0;0;0;0;0;CW;0;;0;;0;0;mm
196;VHM_BOHRER_D11.8_12H7;DRILL;D11.8_MasterSteel_Speed_6xD_122715_11.8;1;mm;11.8;135;0;0;0;1;MasterSteel / Speed / 6xD / VHM / 122715;0;12;mm;75;118;71;0;0;71;195;None;mm;Fz;0.25;0.25;0.25;V;150;150;Y;100;100;200;;;Schrumpffutter_lang_A=120mm_308192_12;;On B-axis;0;0;11.8;30;122715 11 8;308192 12;0;;HSK 63;0;0;0;0;0;0;0;0;0;0;CW;0;;0;;0;0;mm
199;HSS_REIBAHLE_3H7;REAMER;Reibahle;1;mm;3;0;0;0;0;1;NC-Reibahle H7 3;0;3;mm;30;75;25;0;0;25;160;None;mm;F;1000;300;800;V;15;15;Y;100;100;200;;;Schrumpffutter_lang_A=130mm_308196_3;;On B-axis;2;2;3;0;162900 3;308196 3;0;;HSK 63;1;0;0;0;0;0;0;0;0;0;CW;0;;0;;0;0;mm
200;VHM_REIBAHLE_4H7;REAMER;4H7_VHM_Reibahle_DL_164420;1;mm;4;0;0;0;0;4;Hochleistungs-Reibahle/ 4H7 / MasterSteel / 164420;0;6;mm;42;75;39;0;0;8;162;None;mm;F;5800;5800;5800;V;150;150;Y;100;100;200;;;Schrumpffutter_lang_A=120mm_308192_6;;On B-axis;0.5;3.5;3.75;45;164420 4;308192 6;0;;HSK 63;0;0;0;0;0;0;0;0;0;0;CW;0;;0;;0;0;mm
201;VHM_REIBAHLE_5H7;REAMER;5H7_VHM_Reibahle_DL_164420;1;mm;5;0;0;0;0;4;Hochleistungs-Reibahle/ 5H7 / MasterSteel / 164420;0;6;mm;42;75;39;0;0;8;162;None;mm;F;4700;4700;4700;V;150;150;Y;100;100;200;;;Schrumpffutter_lang_A=120mm_308192_6;;On B-axis;0.5;4.5;4.75;45;164420 5;308192 6;0;;HSK 63;0;0;0;0;0;0;0;0;0;0;CW;0;;0;;0;0;mm
202;VHM_REIBAHLE_6H7;REAMER;6H7_VHM_Reibahle_DL_164420;1;mm;6;0;0;0;0;6;Hochleistungs-Reibahle/ 6H7 / MasterSteel / 164420;0;6;mm;42;75;39;0;0;8;162;None;mm;F;6700;6700;6700;V;150;150;Y;100;100;200;;;Schrumpffutter_lang_A=120mm_308192_6;;On B-axis;0.5;5.5;5.75;45;164420 6;308192 6;0;;HSK 63;0;0;0;0;0;0;0;0;0;0;CW;0;;0;;0;0;mm
203;VHM_REIBAHLE_8H7;REAMER;8H7_VHM_Reibahle_DL_164420;1;mm;8;0;0;0;0;6;Hochleistungs-Reibahle/ 8H7 / MasterSteel / 164420;0;8;mm;68;100;64;0;0;10;188;None;mm;F;5500;5500;5500;V;150;150;Y;100;100;200;;;Schrumpffutter_lang_A=120mm_308192_8;;On B-axis;0.5;7.5;7.75;45;164420 8;308192 8;0;;HSK 63;0;0;0;0;0;0;0;0;0;0;CW;0;;0;;0;0;mm
204;VHM_REIBAHLE_10H7;REAMER;10H7_VHM_Reibahle_DL_164420;1;mm;10;0;0;0;0;6;Hochleistungs-Reibahle/ 10H7 / MasterSteel / 164420;0;10;mm;84;120;80;0;0;12;204;None;mm;F;5700;5700;5700;S;4774.65;4774.65;Y;100;100;200;;;Schrumpffutter_lang_A=120mm_308192_10;;On B-axis;0.5;9.5;9.75;45;164420 10;308192 10;0;;HSK 63;0;0;0;0;0;0;0;0;0;0;CW;0;;0;;0;0;mm
205;VHM_REIBAHLE_12H7;REAMER;12H7_VHM_Reibahle_DL_164420;1;mm;12;0;0;0;0;6;Hochleistungs-Reibahle/ 12H7 / MasterSteel / 164420;0;12;mm;80;120;75;0;0;12;200;None;mm;F;5800;5800;5800;V;150;150;Y;100;100;200;;;Schrumpffutter_lang_A=120mm_308192_12;;On B-axis;0.5;11.5;10.75;45;164420 12;308192 12;0;;HSK 63;0;0;0;0;0;0;0;0;0;0;CW;0;;0;;0;0;mm
207;D0.8_ALU_MICRO_DLC;END MILL;D0.8_Micro_ALU_201140;1;mm;0.8;0;0;0;0;2;D0.8_VHM_Micro_Pr�zision_201140;0;4;mm;8;45;4;0;0;1.2;138;None;mm;Fz;0.005;0.00857143;0.005;S;17500;17500;Y;100;100;200;;;Schrumpffutter_lang_A=130mm_308196_4;;On B-axis;0;0;0.79;30;201140 0 8X4;308196 4;0;;HSK 63;1;0;0;0;0;0;0;0;0;0;CW;0;;0;;0;0;mm
208;D3_ALU_DLC;END MILL;D3_ALU_DLC_202272_3;1;mm;3;0;0;0;0;3;VHM Schaftfr�ser/DLC/ALU/normale Schneiden/Schutzfase/202270;0;3;mm;17;57;13;0;0;8;147;None;mm;F;1000;300;800;V;380;410;Y;100;100;200;;;Schrumpffutter_lang_A=130mm_308196_6;;On B-axis;0;0;3;0;202272 3;308196 6;0;;HSK 63;1;0;0;0;0;0;0;0;0;0;CW;0;;0;;0;0;mm
209;D4_ALU_DLC;END MILL;D4_ALU_DLC_202272_4;1;mm;4;0;0;0;0;3;VHM Schaftfr�ser/DLC/ALU/normale Schneiden/Schutzfase/202270;0;4;mm;21;57;17;0;0;11;151;None;mm;F;1200;300;800;V;380;410;Y;100;100;200;;;Schrumpffutter_lang_A=130mm_308196_6;;On B-axis;0;0;4;0;202272 4;308196 6;0;;HSK 63;0;0;0;0;0;0;0;0;0;0;CW;0;;0;;0;0;mm
210;D5_ALU_DLC;END MILL;D5_ALU_DLC_202272_5;1;mm;5;0;0;0;0;3;VHM Schaftfr�ser/DLC/ALU/normale Schneiden/Schutzfase/202270;0;5;mm;22;57;19;0;0;13;152;None;mm;F;1016.05;300;800;V;380;410;Y;100;100;200;;;Schrumpffutter_lang_A=130mm_308196_6;;On B-axis;0;0;5;0;202272 5;308196 6;0;;HSK 63;0;0;0;0;0;0;0;0;0;0;CW;0;;0;;0;0;mm
211;D6_ALU_DLC;END MILL;D6_ALU_DLC_202272_6;1;mm;6;0;0;0;0;3;VHM Schaftfr�ser/DLC/ALU/normale Schneiden/202272;0;6;mm;22;57;19;0;0;13;152;None;mm;F;1000;500;800;V;380;410;Y;100;100;200;;;Schrumpffutter_lang_A=130mm_308196_6;;On B-axis;0;0;6;0;202272 6;308196 6;0;;HSK 63;0;0;0;0;0;0;0;0;0;0;CW;0;;0;;0;0;mm
212;D8_ALU_DLC;END MILL;D8_ALU_DLC_202272_8;1;mm;8;0;0;0;0;3;VHM Schaftfr�ser/DLC/ALU/normale Schneiden/202272;0;8;mm;28;63;25;0;0;21;158;None;mm;F;1133.98;600;850;V;380;410;Y;100;100;200;;;Schrumpffutter_lang_A=130mm_308196_8;;On B-axis;0;0;8;0;202272 8;308196 8;0;;HSK 63;0;0;0;0;0;0;0;0;0;0;CW;0;;0;;0;0;mm
213;D10_ALU_DLC;END MILL;D10_ALU_DLC_202272_10;1;mm;10;0;0;0;0;3;VHM Schaftfr�ser/DLC/ALU/normale Schneiden/202272;0;10;mm;34;72;30;0;0;22;164;None;mm;F;1270.06;650;875;V;380;410;Y;100;100;200;;;Schrumpffutter_lang_A=130mm_308196_10;;On B-axis;0;0;10;0;202272 10;308196 10;0;;HSK 63;0;0;0;0;0;0;0;0;0;0;CW;0;;0;;0;0;mm
214;D12_ALU_DLC;END MILL;D12_ALU_DLC_202272_12;1;mm;12;0;0;0;0;3;VHM Schaftfr�ser/DLC/ALU/normale Schneiden/202272;0;12;mm;40;83;36;0;0;26;170;None;mm;F;1360.77;800;900;V;380;410;Y;100;100;200;;;Schrumpffutter_lang_A=130mm_308196_12;;On B-axis;0;0;12;0;202272 12;308196 12;0;;HSK 63;0;0;0;0;0;0;0;0;0;0;CW;0;;0;;0;0;mm
215;D16_ALU_DLC;END MILL;D16_ALU_DLC_202272_16;1;mm;16;0;0;0;0;3;VHM Schaftfr�ser/DLC/ALU/normale Schneiden/202272;0;16;mm;47;92;42;0;0;36;177;None;mm;F;1247.38;750;800;V;380;410;Y;100;100;200;;;Schrumpffutter_lang_A=130mm_308196_16;;On B-axis;0;0;16;0;202272 16;308196 16;0;;HSK 63;0;0;0;0;0;0;0;0;0;0;CW;0;;0;;0;0;mm
217;D6_ALU_MASTER_SCHLICHT;END MILL;D6_Master_ALU_Schlicht_203204;1;mm;6;0;0;0;0;5;D6 Master Alu / 203204;0;6;mm;33;65;32;0;0;24;113;None;mm;Fz;0.045;0.03;0.045;V;450;450;N;100;100;200;;;Schrumpffutter_normal_(vernickelt)_308172_6;;On B-axis;0;0;5.8;90;203203 6;308172 6;0;;HSK 63;0;0;0;0;0;0;0;0;0;0;CW;0;;0;;0;0;mm
218;D8_ALU_MASTER_SCHLICHT;END MILL;D8_Master_ALU_Schlicht_203204;1;mm;8;0;0;0;0;5;D8 Master Alu / 203204;0;8;mm;43;75;40;0;0;32;123;None;mm;Fz;0.045;0.03;0.045;V;450;450;N;100;100;200;;;Schrumpffutter_normal_(vernickelt)_308172_8;;On B-axis;0;0;7.8;90;203203 8;308172 8;0;;HSK 63;0;0;0;0;0;0;0;0;0;0;CW;0;;0;;0;0;mm
219;D10_ALU_MASTER_SCHLICHT;END MILL;D10_Master_ALU_Schlicht_203204;1;mm;10;0;0;0;0;5;D10 Master Alu / 203204;0;10;mm;58;90;48;0;0;40;143;None;mm;Fz;0.045;0.03;0.045;V;450;450;N;100;100;200;;;Schrumpffutter_normal_(vernickelt)_308172_10;;On B-axis;0;0;9.8;90;203203 10;308172 10;0;;HSK 63;0;0;0;0;0;0;0;0;0;0;CW;0;;0;;0;0;mm
220;D12_ALU_MASTER_SCHLICHT;END MILL;D10_Master_ALU_Schlicht_203204;1;mm;12;0;0;0;0;5;D12 Master Alu / 203204;0;12;mm;68;100;56;0;0;48;158;None;mm;Fz;0.045;0.03;0.045;V;450;450;N;100;100;200;;;Schrumpffutter_normal_(vernickelt)_308172_12;;On B-axis;0;0;11.8;90;203203 12;308172 12;0;;HSK 63;0;0;0;0;0;0;0;0;0;0;CW;0;;0;;0;0;mm
221;D16_ALU_MASTER_SCHLICHT;END MILL;D16_Master_ALU_Schlicht_203203;1;mm;16;0;0;0;0;5;D16 Master Alu / 203203;0;16;mm;60;110;55;0;0;48;155;None;mm;Fz;0.06;0.04;0.06;V;500;500;N;100;100;200;;;Schrumpffutter_normal_(vernickelt)_308172_16;;On B-axis;0;0;16;0;203203 16;308172 16;0;;HSK 63;0;0;0;0;0;0;0;0;0;0;CW;0;;0;;0;0;mm
222;D20_ALU_MASTER_SCHLICHT;END MILL;D20_VHM_ALU_Master_Schlichtfr�ser_extra_lang_203205_20;1;mm;20;0;0;0;0;5;203205_20 / VHM Schlichtfr�ser / ALU / extra Freigeschliffen;0;20;mm;125;175;125;0;0;100;200;None;mm;Fz;0.0571429;0.04;0.0571429;V;450;450;Y;100;100;200;;;Schrumpffutter_kurz_308165_20;;On B-axis;0;0;20;0;203205 20;308165 20;0;;HSK 63;0;0;0;0;0;0;0;0;0;0;CW;0;;0;;0;0;mm
228;D16_ALU_DLC_LANG;END MILL;D16_ALU_DLC_lang_202282_16;1;mm;16;0;0;0;0;3;VHM Schaftfr�ser/DLC/ALU/lange durchgehende Schneiden/202282;0;16;mm;85;132;80;0;0;65;180;None;mm;F;1250;750;850;V;250;290;Y;100;100;200;;;Schrumpffutter_normal_(vernickelt)_308172_16;;On B-axis;0;0;16;0;202282 16;308172 16;0;;HSK 63;0;0;0;0;0;0;0;0;0;0;CW;0;;0;;0;0;mm
234;D16_ALU_SLOTMASCHINE;END MILL;D16_Master_Alu_SlotMachine_TPC_205267;1;mm;16;0;0;0;0;4;Master SlotMachine ALU / D16 / 205267 / DLC;0;16;mm;63;108;58;0;0;48;158;None;mm;Fz;0.185;0.15;0.185;V;400;400;N;100;100;200;;;Schrumpffutter_normal_(vernickelt)_308172_16;;On B-axis;0;0;16;0;205267 16;308172 16;0;;HSK 63;0;0;0;0;0;0;0;0;0;0;CW;0;;0;;0;0;mm
240;D4_ALU_DLC_UEBERLANG;END MILL;D4_ALU_DLC_extra_lang_202274_4;1;mm;4;0;0;0;0;3;VHM Schaftfr�ser/DLC/ALU/extra_lang/202274;0;6;mm;30;80;24;0;0;6.5;110;None;mm;F;1133.98;907.183;978.803;V;380;410;Y;100;100;200;;;Schrumpffutter_normal_(vernickelt)_308172_6;;On B-axis;0;0;3.7;45;202274 4;308172 6;0;;HSK 63;0;0;0;0;0;0;0;0;0;0;CW;0;;0;;0;0;mm
241;D6_ALU_DLC_UEBERLANG;END MILL;D6_ALU_DLC_extra_lang_202274_6;1;mm;6;0;0;0;0;3;VHM Schaftfr�ser/DLC/ALU/extra_lang/202274;0;6;mm;45;80;42;0;0;10;125;None;mm;Fz;0.025;0.02;0.02;V;380;410;Y;100;100;200;;;Schrumpffutter_normal_(vernickelt)_308172_6;;On B-axis;0;0;5.7;45;202274 6;308172 6;0;;HSK 63;0;0;0;0;0;0;0;0;0;0;CW;0;;0;;0;0;mm
242;D8_ALU_DLC_UEBERLANG;END MILL;D8_ALU_DLC_extra_lang_202274_8;1;mm;8;0;0;0;0;3;VHM Schaftfr�ser/DLC/ALU/extra_lang/202274;0;8;mm;65;100;62;0;0;13;145;None;mm;Fz;0.025;0.02;0.02;V;380;410;Y;100;100;200;;;Schrumpffutter_normal_(vernickelt)_308172_8;;On B-axis;0;0;7.4;90;202274 8;308172 8;0;;HSK 63;0;0;0;0;0;0;0;0;0;0;CW;0;;0;;0;0;mm
243;D10_ALU_DLC_UEBERLANG;END MILL;D10_ALU_DLC_extra_lang_202274_10;1;mm;10;0;0;0;0;3;VHM Schaftfr�ser/DLC/ALU/extra_lang/202274;0;10;mm;62;100;58;0;0;16;147;None;mm;Fz;0.035;0.03;0.03;V;380;410;Y;100;100;200;;;Schrumpffutter_normal_(vernickelt)_308172_10;;On B-axis;0;0;9.2;90;202274 10;308172 10;0;;HSK 63;0;0;0;0;0;0;0;0;0;0;CW;0;;0;;0;0;mm
244;D12_ALU_DLC_UEBERLANG;END MILL;D12_ALU_DLC_extra_lang_202274_12;1;mm;12;0;0;0;0;3;VHM Schaftfr�ser/DLC/ALU/extra_lang/202274;0;12;mm;77;120;73;0;0;19;167;None;mm;Fz;0.05;0.04;0.04;V;380;410;Y;100;100;200;;;Schrumpffutter_normal_(vernickelt)_308172_12;;On B-axis;0;0;11;90;202274 12;308172 12;0;;HSK 63;0;0;0;0;0;0;0;0;0;0;CW;0;;0;;0;0;mm
245;D16_ALU_DLC_UEBERLANG;END MILL;D16_ALU_DLC_extra_lang_202274_16;1;mm;16;0;0;0;0;3;VHM Schaftfr�ser/DLC/ALU/extra_lang/202274;0;16;mm;105;150;100;0;0;25;200;None;mm;Fz;0.05;0.04;0.04;V;380;410;Y;100;100;200;;;Schrumpffutter_normal_(vernickelt)_308172_16;;On B-axis;0;0;15;90;202274 16;308172 16;0;;HSK 63;0;0;0;0;0;0;0;0;0;0;CW;0;;0;;0;0;mm
250;D4_R1_TORUS_ALU;BULL NOSE MILL;D4_R1_Torus_ALU_normal_206230;1;mm;4;0;1;0;0;3;VHM Torus/ ALU/ 206230/ normale Schneidenl�nge;0;6;mm;21;57;17;0;0;11;101;None;mm;Fz;0.02;0.0125;0.0125;V;410;430;Y;100;100;200;;;Schrumpffutter_normal_(vernickelt)_308172_6;;On B-axis;0;0;3.7;60;206230 4 1;308172 6;0;;HSK 63;1;0;0;0;0;0;0;0;-1e-12;0;CW;0;;0;;0;0;mm
251;D5_R1_TORUS_ALU;BULL NOSE MILL;D5_R1_Torus_ALU_normal_206230;1;mm;5;0;1;0;0;3;VHM Torus/ ALU/ 206230/ normale Schneidenl�nge;0;6;mm;22;57;19;0;0;13;102;None;mm;Fz;0.02;0.0125;0.0125;V;410;430;Y;100;100;200;;;Schrumpffutter_normal_(vernickelt)_308172_6;;On B-axis;0;0;4.7;60;206230 5 1;308172 6;0;;HSK 63;1;0;0;0;0;0;0;0;-1e-12;0;CW;0;;0;;0;0;mm
252;D6_R1_TORUS_ALU;BULL NOSE MILL;D6_R1_Torus_ALU_normal_206230;1;mm;6;0;1;0;0;3;VHM Torus/ ALU/ 206230/ normale Schneidenl�nge;0;6;mm;22;57;19;0;0;13;102;None;mm;Fz;0.025;0.015;0.015;V;410;430;Y;100;100;200;;;Schrumpffutter_normal_(vernickelt)_308172_6;;On B-axis;0;0;5.7;90;206230 6 1;308172 6;0;;HSK 63;1;0;0;0;0;0;0;0;-1e-12;0;CW;0;;0;;0;0;mm
253;D8_R1_TORUS_ALU;BULL NOSE MILL;D8_R1_Torus_ALU_normal_206230;1;mm;8;0;1;0;0;3;VHM Torus/ ALU/ 206230/ normale Schneidenl�nge;0;8;mm;28;63;25;0;0;21;108;None;mm;Fz;0.03;0.018;0.018;V;410;430;Y;100;100;200;;;Schrumpffutter_normal_(vernickelt)_308172_8;;On B-axis;0;0;7.4;90;206230 8 1;308172 8;0;;HSK 63;1;0;0;0;0;0;0;0;-1e-12;0;CW;0;;0;;0;0;mm
254;D8_R2_TORUS_ALU;BULL NOSE MILL;D8_R2_Torus_ALU_normal_206230;1;mm;8;0;2;0;0;3;VHM Torus/ ALU/ 206230/ normale Schneidenl�nge;0;8;mm;28;63;25;0;0;21;108;None;mm;Fz;0.03;0.018;0.018;V;410;430;Y;100;100;200;;;Schrumpffutter_normal_(vernickelt)_308172_8;;On B-axis;0;0;7.4;90;206230 8 2;308172 8;0;;HSK 63;1;0;0;0;0;0;0;0;-1e-12;0;CW;0;;0;;0;0;mm
255;D10_R1_TORUS_ALU;BULL NOSE MILL;D10_R1_Torus_ALU_normal_206230;1;mm;10;0;1;0;0;3;VHM Torus/ ALU/ 206230/ normale Schneidenl�nge;0;10;mm;34;72;30;0;0;22;119;None;mm;Fz;0.04;0.025;0.025;V;410;430;Y;100;100;200;;;Schrumpffutter_normal_(vernickelt)_308172_10;;On B-axis;0;0;9.2;90;206230 10 1;308172 10;0;;HSK 63;1;0;0;0;0;0;0;0;-1e-12;0;CW;0;;0;;0;0;mm
256;D10_R2_TORUS_ALU;BULL NOSE MILL;D10_R2_Torus_ALU_normal_206230;1;mm;10;0;2;0;0;3;VHM Torus/ ALU/ 206230/ normale Schneidenl�nge;0;10;mm;34;72;30;0;0;22;119;None;mm;Fz;0.04;0.025;0.025;V;410;430;Y;100;100;200;;;Schrumpffutter_normal_(vernickelt)_308172_10;;On B-axis;0;0;9.2;90;206230 10 2;308172 10;0;;HSK 63;1;0;0;0;0;0;0;0;-1e-12;0;CW;0;;0;;0;0;mm
257;D10_R3_TORUS_ALU;BULL NOSE MILL;D10_R3_Torus_ALU_normal_206230;1;mm;10;0;3;0;0;3;VHM Torus/ ALU/ 206230/ normale Schneidenl�nge;0;10;mm;34;72;30;0;0;22;119;None;mm;Fz;0.04;0.025;0.025;V;410;430;Y;100;100;200;;;Schrumpffutter_normal_(vernickelt)_308172_10;;On B-axis;0;0;9.2;90;206230 10 3;308172 10;0;;HSK 63;1;0;0;0;0;0;0;0;-1e-12;0;CW;0;;0;;0;0;mm
258;D12_R1_TORUS_ALU;BULL NOSE MILL;D12_R1_Torus_ALU_normal_206230;1;mm;12;0;1;0;0;3;VHM Torus/ ALU/ 206230/ normale Schneidenl�nge;0;12;mm;40;83;36;0;0;26;130;None;mm;Fz;0.06;0.04;0.04;V;410;430;Y;100;100;200;;;Schrumpffutter_normal_(vernickelt)_308172_12;;On B-axis;0;0;11;90;206230 12 1;308172 12;0;;HSK 63;1;0;0;0;0;0;0;0;-1e-12;0;CW;0;;0;;0;0;mm
259;D12_R2_TORUS_ALU;BULL NOSE MILL;D12_R2_Torus_ALU_normal_206230;1;mm;12;0;2;0;0;3;VHM Torus/ ALU/ 206230/ normale Schneidenl�nge;0;12;mm;40;83;36;0;0;26;130;None;mm;Fz;0.06;0.04;0.04;V;410;430;Y;100;100;200;;;Schrumpffutter_normal_(vernickelt)_308172_12;;On B-axis;0;0;11;90;206230 12 2;308172 12;0;;HSK 63;1;0;0;0;0;0;0;0;-1e-12;0;CW;0;;0;;0;0;mm
260;D12_R3_TORUS_ALU;BULL NOSE MILL;D12_R3_Torus_ALU_normal_206230;1;mm;12;0;3;0;0;3;VHM Torus/ ALU/ 206230/ normale Schneidenl�nge;0;12;mm;40;83;36;0;0;26;130;None;mm;Fz;0.06;0.04;0.04;V;410;430;Y;100;100;200;;;Schrumpffutter_normal_(vernickelt)_308172_12;;On B-axis;0;0;11;90;206230 12 3;308172 12;0;;HSK 63;1;0;0;0;0;0;0;0;-1e-12;0;CW;0;;0;;0;0;mm
261;D16_R1_TORUS_ALU;BULL NOSE MILL;D16_R1_Torus_ALU_normal_206230;1;mm;16;0;1;0;0;3;VHM Torus/ ALU/ 206230/ normale Schneidenl�nge;0;16;mm;47;92;42;0;0;36;142;None;mm;Fz;0.07;0.05;0.05;V;410;430;Y;100;100;200;;;Schrumpffutter_normal_(vernickelt)_308172_16;;On B-axis;0;0;15;90;206230 16 1;308172 16;0;;HSK 63;1;0;0;0;0;0;0;0;-1e-12;0;CW;0;;0;;0;0;mm
262;D16_R2_TORUS_ALU;BULL NOSE MILL;D16_R2_Torus_ALU_normal_206230;1;mm;16;0;2;0;0;3;VHM Torus/ ALU/ 206230/ normale Schneidenl�nge;0;16;mm;47;92;42;0;0;36;142;None;mm;Fz;0.07;0.05;0.05;V;410;430;Y;100;100;200;;;Schrumpffutter_normal_(vernickelt)_308172_16;;On B-axis;0;0;15;90;206230 16 2;308172 16;0;;HSK 63;1;0;0;0;0;0;0;0;-1e-12;0;CW;0;;0;;0;0;mm
263;D16_R4_TORUS_ALU;BULL NOSE MILL;D16_R4_Torus_ALU_normal_206230;1;mm;16;0;4;0;0;3;VHM Torus/ ALU/ 206230/ normale Schneidenl�nge;0;16;mm;47;92;42;0;0;36;142;None;mm;Fz;0.07;0.05;0.05;V;410;430;Y;100;100;200;;;Schrumpffutter_normal_(vernickelt)_308172_16;;On B-axis;0;0;15;90;206230 16 4;308172 16;0;;HSK 63;1;0;0;0;0;0;0;0;-1e-12;0;CW;0;;0;;0;0;mm
276;D4_R0.4_TORUS_STAHL;BULL NOSE MILL;D4_R0.4_Torus_STAHL_normal_206357;1;mm;4;0;0.4;0;0;4;VHM Torus/ STAHL / 206357 / normale Schneidenl�nge;0;6;mm;23;50;20;0;0;11;103;None;mm;Fz;0.03;0.018;0.018;V;200;240;Y;100;100;200;;;Schrumpffutter_normal_(vernickelt)_308172_6;;On B-axis;0;0;3.8;90;206357 4 0.4;308172 6;0;;HSK 63;1;0;0;0;0;0;0;0;-1e-12;0;CW;0;;0;;0;0;mm
277;D8_R0.5_TORUS_STAHL;BULL NOSE MILL;D8_R0.5_Torus_STAHL_normal_206357;1;mm;8;0;0.5;0;0;4;VHM Torus/ STAHL / 206357 / normale Schneidenl�nge;0;8;mm;30;63;27;0;0;19;110;None;mm;Fz;0.045;0.04;0.04;V;200;240;Y;100;100;200;;;Schrumpffutter_normal_(vernickelt)_308172_8;;On B-axis;0;0;7.5;90;206357 8 0.5;308172 8;0;;HSK 63;1;0;0;0;0;0;0;0;-1e-12;0;CW;0;;0;;0;0;mm
278;D8_R1_TORUS_STAHL;BULL NOSE MILL;D8_R1_Torus_STAHL_normal_206357;1;mm;8;0;1;0;0;4;VHM Torus/ STAHL / 206357 / normale Schneidenl�nge;0;8;mm;30;63;27;0;0;19;110;None;mm;Fz;0.045;0.04;0.04;V;200;240;Y;100;100;200;;;Schrumpffutter_normal_(vernickelt)_308172_8;;On B-axis;0;0;7.5;90;206357 8 1;308172 8;0;;HSK 63;1;0;0;0;0;0;0;0;-1e-12;0;CW;0;;0;;0;0;mm
279;D8_R2_TORUS_STAHL;BULL NOSE MILL;D8_R2_Torus_STAHL_normal_206357;1;mm;8;0;2;0;0;4;VHM Torus/ STAHL / 206357 / normale Schneidenl�nge;0;8;mm;30;63;27;0;0;19;110;None;mm;Fz;0.045;0.04;0.04;V;200;240;Y;100;100;200;;;Schrumpffutter_normal_(vernickelt)_308172_8;;On B-axis;0;0;7.5;90;206357 8 2;308172 8;0;;HSK 63;1;0;0;0;0;0;0;0;-1e-12;0;CW;0;;0;;0;0;mm
280;D10_R1_TORUS_STAHL;BULL NOSE MILL;D10_R1_Torus_STAHL_normal_206357;1;mm;10;0;1;0;0;4;VHM Torus/ STAHL / 206357 / normale Schneidenl�nge;0;10;mm;36;72;32;0;0;22;121;None;mm;Fz;0.06;0.055;0.055;V;200;240;Y;100;100;200;;;Schrumpffutter_normal_(vernickelt)_308172_10;;On B-axis;0;0;9.5;90;206357 10 1;308172 10;0;;HSK 63;1;0;0;0;0;0;0;0;0;0;CW;0;;0;;0;0;mm
281;D10_R2_TORUS_STAHL;BULL NOSE MILL;D10_R2_Torus_STAHL_normal_206357;1;mm;10;0;2;0;0;4;VHM Torus/ STAHL / 206357 / normale Schneidenl�nge;0;10;mm;36;72;32;0;0;22;121;None;mm;Fz;0.06;0.055;0.055;V;200;240;Y;100;100;200;;;Schrumpffutter_normal_(vernickelt)_308172_10;;On B-axis;0;0;9.5;90;206357 10 2;308172 10;0;;HSK 63;1;0;0;0;0;0;0;0;-1e-12;0;CW;0;;0;;0;0;mm
282;D12_R1_TORUS_STAHL;BULL NOSE MILL;D12_R1_Torus_STAHL_normal_206357;1;mm;12;0;1;0;0;4;VHM Torus/ STAHL / 206357 / normale Schneidenl�nge;0;12;mm;42;83;38;0;0;26;132;None;mm;Fz;0.07;0.065;0.065;V;200;240;Y;100;100;200;;;Schrumpffutter_normal_(vernickelt)_308172_12;;On B-axis;0;0;11.5;90;206357 12 1;308172 12;0;;HSK 63;1;0;0;0;0;0;0;0;-1e-12;0;CW;0;;0;;0;0;mm
283;D12_R2_TORUS_STAHL;BULL NOSE MILL;D12_R2_Torus_STAHL_normal_206357;1;mm;12;0;2;0;0;4;VHM Torus/ STAHL / 206357 / normale Schneidenl�nge;0;12;mm;42;83;38;0;0;26;132;None;mm;Fz;0.07;0.065;0.065;V;200;240;Y;100;100;200;;;Schrumpffutter_normal_(vernickelt)_308172_12;;On B-axis;0;0;11.5;90;206357 12 2;308172 12;0;;HSK 63;1;0;0;0;0;0;0;0;-1e-12;0;CW;0;;0;;0;0;mm
284;D12_R3_TORUS_STAHL;BULL NOSE MILL;D12_R3_Torus_STAHL_normal_206357;1;mm;12;0;3;0;0;4;VHM Torus/ STAHL / 206357 / normale Schneidenl�nge;0;12;mm;42;83;38;0;0;26;132;None;mm;Fz;0.07;0.065;0.065;V;200;240;Y;100;100;200;;;Schrumpffutter_normal_(vernickelt)_308172_12;;On B-axis;0;0;11.5;90;206357 12 3;308172 12;0;;HSK 63;1;0;0;0;0;0;0;0;-1e-12;0;CW;0;;0;;0;0;mm
285;D16_R2_TORUS_STAHL;BULL NOSE MILL;D16_R2_Torus_STAHL_normal_206357;1;mm;16;0;2;0;0;4;VHM Torus/ STAHL / 206357 / normale Schneidenl�nge;0;16;mm;50;92;44;0;0;32;145;None;mm;Fz;0.08;0.075;0.075;V;200;240;Y;100;100;200;;;Schrumpffutter_normal_(vernickelt)_308172_16;;On B-axis;0;0;15.5;90;206357 16 2;308172 16;0;;HSK 63;1;0;0;0;0;0;0;0;-1e-12;0;CW;0;;0;;0;0;mm
290;VIERTELKREIS_R1;END MILL;R1_Viertelkreis_208023_R1;1;mm;8;0;0;0;0;5;R5 Viertelkreisfr�ser/ 208023_R5;0;8;mm;35;76;28.8;0;0;24;115;None;mm;F;1000;600;1000;S;3500;3500;Y;100;100;200;;;Schrumpffutter_normal_(vernickelt)_308172_6;;On B-axis;0;0;8;0;208022 1;308172 6;0;;HSK 63;1;0;0;0;0;0;0;0;0;0;CW;0;;0;;0;0;mm
299;VIERTELKREIS_R5;END MILL;R5_Viertelkreis_208023_R5;1;mm;20;0;0;0;0;5;R5 Viertelkreisfr�ser/ 208023_R5;0;20;mm;35;80;30;0;0;24;135;None;mm;F;1000;600;1000;S;3500;3500;Y;100;100;200;;;Schrumpffutter_normal_(vernickelt)_308187_20;;On B-axis;0;0;20;0;208022 5;308187 20;0;;HSK 63;1;0;0;0;0;0;0;0;0;0;CW;0;;0;;0;0;mm
306;KUGELFRAESER_ALU_D3;BALL NOSE MILL;D3_Kugelfr�ser_ALU_normal_207032_3;1;mm;3;0;1.5;0;0;2;Kugelfr�ser ALU / normale L�nge / 207032_3;0;3;mm;23.5;50;16;0;0;6;145;None;mm;Fz;0.03;0.03;0.03;V;500;500;Y;100;100;200;;;extra_Schlanke_Spannzange_A120mm_304972;;On B-axis;0;0;3;0;207032 3;304972 2-6;309563 3;;HSK 63;1;0;0;0;0;0;0;0;-1e-12;0;CW;0;;0;;0;0;mm
307;KUGELFRAESER_ALU_D4;BALL NOSE MILL;D4_Kugelfr�ser_ALU_normal_207032_4;1;mm;4;0;2;0;0;2;Kugelfr�ser ALU / normale L�nge / 207032_4;0;4;mm;28.5;54;17;0;0;7;150;None;mm;Fz;0.03;0.03;0.03;V;500;500;Y;100;100;200;;;extra_Schlanke_Spannzange_A120mm_304972;;On B-axis;0;0;4;0;207032 4;304972 2-6;309563 4;;HSK 63;1;0;0;0;0;0;0;0;-1e-12;0;CW;0;;0;;0;0;mm
308;KUGELFRAESER_ALU_D5;BALL NOSE MILL;D5_Kugelfr�ser_ALU_normal_207032_5;1;mm;5;0;2.5;0;0;2;Kugelfr�ser ALU / normale L�nge / 207032_5;0;5;mm;21.5;54;18;0;0;8;143;None;mm;Fz;0.04;0.04;0.04;V;500;500;Y;100;100;200;;;extra_Schlanke_Spannzange_A120mm_304972;;On B-axis;0;0;5;0;207032 5;304972 2-6;309563 5;;HSK 63;1;0;0;0;0;0;0;0;-1e-12;0;CW;0;;0;;0;0;mm
309;KUGELFRAESER_ALU_D6;BALL NOSE MILL;D6_Kugelfr�ser_ALU_normal_207032_6;1;mm;6;0;3;0;0;2;Kugelfr�ser ALU / normale L�nge / 207032_6;0;6;mm;28.5;54;21;0;0;10;150;None;mm;Fz;0.06;0.05;0.06;V;500;500;Y;100;100;200;;;extra_Schlanke_Spannzange_A120mm_304972;;On B-axis;0;0;6;0;207032 6;304972 2-6;309563 6;;HSK 63;1;0;0;0;0;0;0;0;-1e-12;0;CW;0;;0;;0;0;mm
310;KUGELFRAESER_ALU_D8;BALL NOSE MILL;D8_Kugelfr�ser_ALU_normal_207032_8;1;mm;8;0;4;0;0;2;Kugelfr�ser ALU / normale L�nge / 207032_8;0;8;mm;30;59;27;0;0;12;150;None;mm;Fz;0.06;0.05;0.06;V;500;500;Y;100;100;200;;;Schrumpffutter_extra_Schlank_A=120mm_308318_8;;On B-axis;0;0;8;0;207032 8;308318 8;0;;HSK 63;1;0;0;0;0;0;0;0;-1e-12;0;CW;0;;0;;0;0;mm
311;KUGELFRAESER_ALU_D10;BALL NOSE MILL;D10_Kugelfr�ser_ALU_normal_207032_10;1;mm;10;0;5;0;0;2;Kugelfr�ser ALU / normale L�nge / 207032_10;0;10;mm;35;67;32;0;0;13;155;None;mm;Fz;0.07;0.06;0.07;V;500;500;Y;100;100;200;;;Schrumpffutter_extra_Schlank_A=120mm_308318_10;;On B-axis;0;0;10;0;207032 10;308318 10;0;;HSK 63;1;0;0;0;0;0;0;0;-1e-12;0;CW;0;;0;;0;0;mm
312;KUGELFRAESER_ALU_D12;BALL NOSE MILL;D12_Kugelfr�ser_ALU_normal_207032_12;1;mm;12;0;6;0;0;2;Kugelfr�ser ALU / normale L�nge / 207032_12;0;12;mm;43;73;38;0;0;16;163;None;mm;Fz;0.07;0.06;0.07;V;500;500;Y;100;100;200;;;Schrumpffutter_extra_Schlank_A=120mm_308318_12;;On B-axis;0;0;12;0;207032 12;308318 12;0;;HSK 63;1;0;0;0;0;0;0;0;-1e-12;0;CW;0;;0;;0;0;mm
321;KUGELFRAESER_STAHL_D1;BALL NOSE MILL;D1_VHM_Kugelfr�ser_207125;1;mm;1;0;0.5;0;0;2;VHM Kugelfr�ser / Uni / Holex;0;1;mm;19.5;50;3.6;0;0;3;141;None;mm;F;245;150;245;S;17500;17500;Y;100;100;200;;;extra_Schlanke_Spannzange_A120mm_304972;;On B-axis;0;0;1;30;207125 1;304972 2-6;309563 4;;HSK 63;1;0;0;0;0;0;0;0;-1e-12;0;CW;0;;0;;0;0;mm
322;KUGELFRAESER_STAHL_D2;BALL NOSE MILL;D2_VHM_Kugelfr�ser_207125;1;mm;2;0;1;0;0;2;VHM Kugelfr�ser / Uni / Holex;0;2;mm;19.5;50;6;0;0;5;141;None;mm;F;250;300;250;S;17500;17500;N;100;100;200;;;extra_Schlanke_Spannzange_A120mm_304972;;On B-axis;0;0;2;0;207125 2;304972 2-6;309563 6;;HSK 63;1;0;0;0;0;0;0;0;0;0;CW;0;;0;;0;0;mm
323;KUGELFRAESER_STAHL_D3;BALL NOSE MILL;D3_VHM_Kugelfr�ser_Stahl_207477;1;mm;3;0;1.5;0;0;4;VHM / Vollradiusfr�ser / HPC / 207477;0;3;mm;19.5;50;5;0;0;5;141;None;mm;Fz;0.005;0.005;0.005;V;180;200;Y;100;100;200;;;extra_Schlanke_Spannzange_A120mm_304972;;On B-axis;0;0;3;0;207477 3;304972 2-6;309563 3;;HSK 63;1;0;0;0;0;0;0;0;0;0;CW;0;;0;;0;0;mm
324;KUGELFRAESER_STAHL_D4;BALL NOSE MILL;D4_VHM_Kugelfr�ser_Stahl_207477;1;mm;4;0;2;0;0;4;VHM / Vollradiusfr�ser / HPC / 207477;0;4;mm;24.5;54;8;0;0;8;146;None;mm;Fz;0.01;0.01;0.01;V;180;200;Y;100;100;200;;;extra_Schlanke_Spannzange_A120mm_304972;;On B-axis;0;0;4;0;207477 4;304972 2-6;309563 4;;HSK 63;1;0;0;0;0;0;0;0;0;0;CW;0;;0;;0;0;mm
325;KUGELFRAESER_STAHL_D5;BALL NOSE MILL;D5_VHM_Kugelfr�ser_Stahl_207477;1;mm;5;0;2.5;0;0;4;VHM / Vollradiusfr�ser / HPC / 207477;0;5;mm;19.5;54;9;0;0;9;141;None;mm;Fz;0.01;0.01;0.01;V;180;200;Y;100;100;200;;;extra_Schlanke_Spannzange_A120mm_304972;;On B-axis;0;0;5;0;207477 5;304972 2-6;309563 5;;HSK 63;1;0;0;0;0;0;0;0;0;0;CW;0;;0;;0;0;mm
326;KUGELFRAESER_STAHL_D6;BALL NOSE MILL;D6_VHM_Kugelfr�ser_Stahl_207477;1;mm;6;0;3;0;0;4;VHM / Vollradiusfr�ser / HPC / 207477;0;6;mm;19.5;54;10;0;0;10;141;None;mm;Fz;0.015;0.015;0.015;V;180;200;Y;100;100;200;;;extra_Schlanke_Spannzange_A120mm_304972;;On B-axis;0;0;6;0;207477 6;304972 2-6;309563 6;;HSK 63;1;0;0;0;0;0;0;0;0;0;CW;0;;0;;0;0;mm
327;KUGELFRAESER_STAHL_D8;BALL NOSE MILL;D8_VHM_Kugelfr�ser_Stahl_207477;1;mm;8;0;4;0;0;4;VHM / Vollradiusfr�ser / HPC / 207477;0;8;mm;20;58;12;0;0;12;140;None;mm;Fz;0.02;0.02;0.02;V;180;200;Y;100;100;200;;;Schrumpffutter_extra_Schlank_A=120mm_308318_8;;On B-axis;0;0;8;0;207477 8;308318 8;0;;HSK 63;1;0;0;0;0;0;0;0;0;0;CW;0;;0;;0;0;mm
328;KUGELFRAESER_STAHL_D10;BALL NOSE MILL;D10_VHM_Kugelfr�ser_Stahl_207477;1;mm;10;0;5;0;0;4;VHM / Vollradiusfr�ser / HPC / 207477;0;10;mm;20;66;14;0;0;14;140;None;mm;Fz;0.03;0.03;0.03;V;180;200;Y;100;100;200;;;Schrumpffutter_extra_Schlank_A=120mm_308318_10;;On B-axis;0;0;10;0;207477 10;308318 10;0;;HSK 63;1;0;0;0;0;0;0;0;0;0;CW;0;;0;;0;0;mm
329;KUGELFRAESER_STAHL_D12;BALL NOSE MILL;D12_VHM_Kugelfr�ser_Stahl_207477;1;mm;12;0;6;0;0;4;VHM / Vollradiusfr�ser / HPC / 207477;0;12;mm;25;73;16;0;0;16;145;None;mm;Fz;0.04;0.04;0.04;V;180;200;Y;100;100;200;;;Schrumpffutter_extra_Schlank_A=120mm_308318_12;;On B-axis;0;0;12;0;207477 12;308318 12;0;;HSK 63;1;0;0;0;0;0;0;0;0;0;CW;0;;0;;0;0;mm
334;D4X1_NUTFREASER_Webasto;SLOT MILL;DCN.3.40.10.00.1.06 AN25;1;mm;4;0;0;0;0;3;DCN.3.40.10.00.1.06 AN25;0;2.8;mm;25;50;1.2;0;0;1;105;None;mm;Fz;0.015;0.010472;0.015;V;120;120;N;100;100;200;;;Schrumpffutter_normal_(vernickelt)_308187_6;;On B-axis;0;0;2.8;0;DCN.3.40.10.00.1.06 AN25;308187_6;0;;HSK 63;1;0;0;0;0;0;0;0;0;0;CW;0;;0;;0;0;mm
335;D6X1.5_NUTENFRAESER_DOCKWEILER;SLOT MILL;DCR.3.60.15.75.2.06 AN25;1;mm;6;0;0;0;0;3;DCR.3.60.15.75.2.06 AN25;0;12;mm;25;62.9993;1.8;0;0;1.5;105;None;mm;Fz;0.015;0.015708;0.015;V;120;120;Y;100;100;200;;;Schrumpffutter_normal_(vernickelt)_308172_8;;On B-axis;0;0;12;0;DCR.3.60.15.75.2.06AN25;308172 8;0;;HSK 63;0;0;0;0;0;0;0;0;0;0;CW;0;;0;;0;0;mm
336;D8X1.5_NUTENFRAESER_DOCKWEILER;SLOT MILL;DCR.4.80.15.75.5.08 AN25;1;mm;8;0;0;0;0;4;DCR.4.80.15.75.5.08 AN25;0;8;mm;63;62.9992;1.8;0;0;1.5;153;None;mm;Fz;0.015;0.0188496;0.015;V;120;120;Y;100;100;200;;;Schrumpffutter_normal_(vernickelt)_308172_12;;On B-axis;0;0;8;0;DCR.4.80.15.75.5.08AN25;308172 12;0;;HSK 63;0;0;0;0;0;0;0;0;0;0;CW;0;;0;;0;0;mm
340;D20X1_SCHEIBENFRAESER_ALESA;SLOT MILL;Alesa_D20_6317.0280_Z18;1;mm;20;0;0;0;0;14;Nutex STAR HM  / Alesa_D20_6317.0280_Z18;0;12;mm;53;146.6;1.2;0;0;1;143;None;mm;F;1000;300;800;S;3500;4000;N;100;100;200;;;Schrumpffutter_normal_(vernickelt)_308172_12;;On B-axis;0;0;12;0;6317.0280;308172 12;6018.0476;;HSK 63;0;0;0;0;0;0;0;0;0;0;CW;0;;0;;0;0;mm
341;D30X1.5_SCHEIBENFRAESER_ALESA;SLOT MILL;Alesa_D32_6317.0405_Z14;1;mm;32;0;0;0;0;14;Nutex STAR HM  / Alesa_D32_6317.0405_Z14;0;12;mm;53;147.1;1.8;0;0;1.5;143;None;mm;F;1000;300;800;S;3500;4000;N;100;100;200;;;Schrumpffutter_normal_(vernickelt)_308172_12;;On B-axis;0;0;12;0;6317.0405;308172 12;6018.0476;;HSK 63;0;0;0;0;0;0;0;0;0;0;CW;0;;0;;0;0;mm
342;D50X1.5_SCHEIBENFRAESER_ALESA;SLOT MILL;Alesa_D50_6317.0574_Z14;1;mm;50;0;0;0;0;14;Nutex STAR HM  / Alesa_D50_6317.0574_Z14;0;16;mm;63;160.7;15;0;0;1.5;153;None;mm;F;1000;300;800;S;3500;4000;N;100;100;200;;;Schrumpffutter_normal_(vernickelt)_308172_12;;On B-axis;0;0;16;0;6317.0574;308172 16;6018.0594;;HSK 63;0;0;0;0;0;0;0;0;0;0;CW;0;;0;;0;0;mm
343;D63X2_SCHEIBENFRAESER_ALESA;SLOT MILL;Alesa_6354.0629_63_2_Z18;1;mm;63;0;0;0;0;12;Nutex Plus EVO HM AlCrN 6354.0629 D63x2x16mm Z18 BSNutex Plus EVO HM DLC-H f.ALU 6354.0644 D63x2x16mm Z18 BS;0;12;mm;2.73;2.73;2.73;0;0;2.73;109.73;None;mm;F;1000;300;800;S;3500;3500;N;100;100;200;;;Aufsteckdorne_63_80;;On B-axis;0;0;12;0;6354.0629 - 6354.0644;6058.0640;0;;HSK 63;0;0;0;0;0;0;0;0;0;0;CW;0;;0;;0;0;mm
344;D80X2_SCHEIBENFRAESER_ALESA;SLOT MILL;Alesa_6354.0661_80_2.5_Z16;1;mm;80;0;0;0;0;2;Nutex Plus EVO HM AlCrN 6354.0661 D80x2.5x16mm Z16 BSNutex Plus EVO HM DLC-H f.ALU 6354.0676 D63x2.5x16mm Z16 BS;0;12;mm;2.73;2.73;2.73;0;0;2.73;107;None;mm;F;1000;300;800;S;3500;3500;N;100;100;200;;;Aufsteckdorne_63_80;;On B-axis;0;0;12;0;6354.0661 - 6354.0676;6058.0640;0;;HSK 63;0;0;0;0;0;0;0;0;0;0;CW;0;;0;;0;0;mm
345;D100X3_SCHEIBENFRAESER_ALESA;SLOT MILL;Alesa_6354.0723_100_3_Z16;1;mm;100;0;0;0;0;2;Nutex Plus EVO HM AlCrN 6354.0723 D100x3x22mm Z16 BSNutex Plus EVO HM DLC-H f.ALU 6354.0738 D100x3x22mm Z16 BS;0;12;mm;5.08;3.08;3.08;0;0;3.08;123;None;mm;F;1000;300;800;S;3500;3500;N;100;100;200;;;Aufsteckdorne_100_125;;On B-axis;0;0;12;0;6354.0723 - 6354.0738;6058.0650;0;;HSK 63;0;0;0;0;0;0;0;0;0;0;CW;0;;0;;0;0;mm
346;D125X3_SCHEIBENFRAESER_ALESA;SLOT MILL;Alesa_6354.0753_125_3_Z16;1;mm;125;0;0;0;0;2;Nutex Plus EVO HM AlCrN 6354.0753 D125x3x22mm Z16 BSNutex Plus EVO HM DLC-H f.ALU 6354.0768 D125x3x22mm Z16 BS;0;12;mm;3.97;3.08;3.08;0;0;3.08;123.19;None;mm;F;1000;300;800;S;3500;3500;N;100;100;200;;;Aufsteckdorne_100_125;;On B-axis;0;0;12;0;6354.0753 - 6354.0768;6058.0650;0;;HSK 63;0;0;0;0;0;0;0;0;0;0;CW;0;;0;;0;0;mm
561;G1-8_ZOLL;TAP;G1/8;1;mm;9.73007;0;0;0;0;1;MasterTAP Gewindebohrer / 137805 / Kernloch 8.8;0;6;mm;101;11;11;0;0;11;127;None;mm;Fz;0.285714;0.907;0.228571;V;20;20;Y;100;100;200;;;Gewinde_MLA_M1-M12_338110;;On B-axis;2;9;6;0;137805 G1/8;338110 M1-12;0;;HSK 63;1;0;0;0;0;0;0;0;0;0;CW;0;;0;;0;0.907;mm
562;G1-4_ZOLL;TAP;G1/4;1;mm;13.1601;0;0;0;0;1;MasterTAP Gewindebohrer / 137805 / Kernloch 11.8;0;6;mm;117;17;17;0;0;17;127;None;mm;F;114.286;534.8;91.4286;S;400;400;Y;100;100;200;;;Gewinde_MLA_M1-M12_338110;;On B-axis;2;13;6;0;137805 G1/4;338110 M1-12;0;;HSK 63;1;0;0;0;0;0;0;0;0;0;CW;0;;0;;0;1.337;mm
563;G3-8_ZOLL;TAP;G3/8;1;mm;16.6601;0;0;0;0;1;MasterTAP Gewindebohrer / 137805 / Kernloch 15.25;0;6;mm;117;17;17;0;0;17;183;None;mm;Fz;0.285714;1.337;0.228571;S;382.123;382.123;Y;100;100;200;;;Gewinde_MLA_M6-M20_338110;;On B-axis;2;16;6;0;137805 G3/8;338110 M6-20;0;;HSK 63;1;0;0;0;0;0;0;0;0;0;CW;0;;0;;0;1.337;mm
566;G3-4_ZOLL;TAP;G3/4;1;mm;26.44;0;0;0;0;1;MasterTAP Gewindebohrer / 137805 / Kernloch 24.5;0;6;mm;170;30;30;0;0;30;203;None;mm;Fz;0.285714;1.814;0.228571;S;240.779;240.779;Y;100;100;200;;;Gewinde_MLA_M6-M20_338110;;On B-axis;2;26;6;0;137805 G3/4;338110 M6-20;0;;HSK 63;1;0;0;0;0;0;0;0;0;0;CW;0;;0;;0;1.814;mm
580;GEWINDEFRAESER_M2.5_GUEHRING;THREAD MILL;Gewindefraeser_M2.5_G�hring;1;mm;1.95;0;0;0;0;4;Gewindefraeser_M2.5_G�hring;0;3;mm;15;39;8.6;0;0;1.25;95;None;mm;F;200;200;200;S;3500;3500;Y;100;100;200;;;Schrumpffutter_normal_(vernickelt)_308172_3;;On B-axis;0;0;1.38;45;4226 2.500;308172 3;0;;HSK 63;0;0;0;0;0;0;0;0;0;0;CW;0;Metric (ISO)   M2.5 x 0.45;0;Metric (ISO);1;0.45;mm
581;GEWINDEFRAESER_M4_GUEHRING;THREAD MILL;Gewindefraeser_M4_G�hring;1;mm;3;0;0;0;0;3;Gewindefraeser_M4_G�hring;0;6;mm;15;48;8.8;0;0;8.8;95;None;mm;F;200;200;200;S;3500;3500;Y;100;100;200;;;Schrumpffutter_normal_(vernickelt)_308172_6;;On B-axis;0;0;1.7;80;3526 4.000;308172 6;0;;HSK 63;0;0;0;0;0;0;0;0;0;0;CW;0;;0;;1;1;mm
582;GEWINDEFRAESER_M5_GUEHRING;THREAD MILL;Gewindefraeser_M5_G�hring;1;mm;4;0;0;0;0;3;Gewindefraeser_M5_G�hring;0;6;mm;15;54;10.8;0;0;10.8;95;None;mm;F;200;200;200;S;3500;3500;Y;100;100;200;;;Schrumpffutter_normal_(vernickelt)_308172_6;;On B-axis;0;0;2.719;80;3526 5.000;308172 6;0;;HSK 63;0;0;0;0;0;0;0;0;0;0;CW;0;;0;;1;1;mm
583;GEWINDEFRAESER_M6_GUEHRING;THREAD MILL;Gewindefraeser_M6_G�hring;1;mm;4.8;0;0;0;0;3;Gewindefraeser_M6_G�hring;0;8;mm;20;62;13.5;0;0;13.5;100;None;mm;F;200;200;200;S;3500;3500;Y;100;100;200;;;Schrumpffutter_normal_(vernickelt)_308172_8;;On B-axis;0;0;3.519;80;3526 6.000;308172 8;0;;HSK 63;0;0;0;0;0;0;0;0;0;0;CW;0;;0;;1;1;mm
586;GEWINDEFRAESER_M2_HORN;THREAD MILL;DCG.3.M2.040.2.1.03_ES15;1;mm;1.5;0;0;0;0;3;DCG.3.M2.040.2.1.03 ES15;0;1.5;mm;15;34;7.2;0;0;6;135;None;mm;F;50;50;50;S;17500;17500;N;100;100;200;;;Schrumpffutter_extra_Schlank_A=120mm_308318_3;;On B-axis;0;0;1.067;90;DCG.3.M2.040.2.1.03 ES15;308318 3;0;;HSK 63;1;0;0;0;0;0;0;0;0;0;CW;0;Metric (ISO)   M2 x 0.4;0;Metric (ISO);1;0.4;mm
587;GEWINDEFRAESER_M3_HORN;THREAD MILL;DCG.3.M3.050.2.1.04.AN25;1;mm;2;0;0;0;0;3;DCG.3.M3.050.2.1.04 AN25;0;12;mm;15;39;9.6;0;0;8;135;None;mm;F;50;50;50;S;17500;17500;N;100;100;200;;;Schrumpffutter_extra_Schlank_A=120mm_308318_3;;On B-axis;0;0;1.45875;90;DCG.3.M3.050.2.1.04 AN25;308318 3;0;;HSK 63;1;0;0;0;0;0;0;0;0;0;CW;0;Metric (ISO)   M3 x 0.5;0;Metric (ISO);1;0.5;mm
588;GEWINDEFRAESER_M8_HORN;THREAD MILL;DCG.4.M8.125.5.2.08 AN25;1;mm;5.5;0;0;0;0;4;DCG.4.M8.125.5.2.08 AN25;0;5.5;mm;25;63;1.2;0;0;1;105;None;mm;Fz;0.015;0.0107992;0.015;V;120;120;Y;100;100;200;;;Schrumpffutter_normal_(vernickelt)_308187_8;;On B-axis;0;0;4.2193;90;DCG.4.M8.125.5.2.08 AN25;308187 8;0;;HSK 63;0;0;0;0;0;0;0;0;0;0;CW;0;;0;;1;1;mm
589;GEWINDEFRAESER_M10_HORN;THREAD MILL;DCG.4.M10.150.6.2.08 AN25;1;mm;6.8;0;0;0;0;4;DCG.4.M10.150.6.2.08 AN25;0;12;mm;25;63;1.6128;0;0;1.344;105;None;mm;Fz;0.015;0.0133518;0.015;V;120;120;Y;100;100;200;;;Schrumpffutter_normal_(vernickelt)_308187_8;;On B-axis;0;0;5.5193;90;DCG.4.M10.150.6.2.08 AN25;308187 8;0;;HSK 63;0;0;0;0;0;0;0;0;0;0;CW;0;;0;;1;1;mm
590;GEWINDEFRAESER_M12_HORN;THREAD MILL;DCG.4.M12.175.6.2.10 AN25;1;mm;8;0;0;0;0;4;DCG.4.M12.175.6.2.10 AN25;0;8;mm;30;63;1.8432;0;0;1.536;115;None;mm;Fz;0.015;0.0214286;0.015;V;120;120;Y;100;100;200;;;Schrumpffutter_normal_(vernickelt)_308187_10;;On B-axis;0;0;6.7193;90;DCG.4.M12.175.6.2.10 AN25;308187 10;0;;HSK 63;0;0;0;0;0;0;0;0;0;0;CW;0;;0;;1;1;mm
615;D3_ALU_DLC_VARIOVAC_LANG;END MILL;D3_Schaftfr�ser_MTC_202392;1;mm;3;0;0;0;0;3;VHM Schaftfr�ser/Schlicht u. Schrupp/MTC/Gold/kurze Schneiden/202392;0;6;mm;19;57;15;0;0;8;179;None;mm;Fz;0.02;0.015;0.015;V;200;220;Y;100;100;200;;;extra_Schlanke_Spannzange_A160mm_304974;;On B-axis;0;0;3;30;202270 3;304973 2-6;309563 3;;HSK 63;1;0;0;0;0;0;0;0;-1e-12;0;CW;0;;0;;0;0;mm
652;SPEZIAL_VARIOVAC_2.5X1.5_UNTEN;END MILL;2.5x1.5_unten_Spezialfr�ser_Variovac;1;mm;2.5;0;0;0;0;3;Spezialfr�ser f�r Variovac/ 2.5er Fr�ser mit Haken / 2.5x1.5 untenAngebot-Nr. 21191121;0;2.5;mm;15;36.2517;7.2;0;0;6;95;None;mm;F;300;300;300;S;18000;18000;Y;100;100;200;;;Schrumpffutter_normal_(vernickelt)_308172_6;;On B-axis;0;0;2.5;30;202392 2 5;308172 6;0;;HSK 63;1;0;0;0;0;0;0;0;-1e-12;0;CW;0;;0;;0;0;mm
653;SPEZIAL_VARIOVAC_3X2_UNTEN;END MILL;3x2_unten_Spezialfr�ser_Variovac;1;mm;3;0;0;0;0;3;Spezialfr�ser f�r Variovac/ 3er Fr�ser mit Haken / 3x2 untenAngebot-Nr. 21191121;0;3;mm;15;39.5196;30;0;0;6;95;None;mm;Fz;0.015;0.00628318;0.015;V;200;200;Y;100;100;200;;;Schrumpffutter_normal_(vernickelt)_308172_6;;On B-axis;0;0;3;30;202392 3;308172 6;0;;HSK 63;1;0;0;0;0;0;0;0;-1e-12;0;CW;0;;0;;0;0;mm
654;SPEZIAL_VARIOVAC_3X3_UNTEN;END MILL;3x3_unten_Spezialfr�ser_Variovac;1;mm;3;0;0;0;0;3;Spezialfr�ser f�r Variovac/ 3er Fr�ser mit Haken / 3x3 untenAngebot-Nr. 21191121;0;3;mm;15;40.5196;30;0;0;6;95;None;mm;Fz;0.015;0.00628318;0.015;V;200;200;Y;100;100;200;;;Schrumpffutter_normal_(vernickelt)_308172_6;;On B-axis;0;0;3;30;202392 3;308172 6;0;;HSK 63;1;0;0;0;0;0;0;0;-1e-12;0;CW;0;;0;;0;0;mm
655;SPEZIAL_VARIOVAC_3.5X3.5_UNTEN;END MILL;3.5x3.5_unten_Spezialfr�ser_Variovac;1;mm;3.5;0;0;0;0;3;Spezialfr�ser f�r Variovac/ 3.5er Fr�ser mit Haken / 3.5x3.5 untenAngebot-Nr. 21191121;0;3.5;mm;15;40.5;30;0;0;6;95;None;mm;Fz;0.015;0.00628318;0.015;V;200;200;Y;100;100;200;;;Schrumpffutter_normal_(vernickelt)_308172_6;;On B-axis;0;0;3.5;30;202392 3.5;308172 6;0;;HSK 63;1;0;0;0;0;0;0;0;-1e-12;0;CW;0;;0;;0;0;mm
656;SPEZIAL_VARIOVAC_4X3_UNTEN;END MILL;4x3_unten_Spezialfr�ser_Variovac;1;mm;4;0;0;0;0;3;Spezialfr�ser f�r Variovac/ 4er Fr�ser mit Haken / 4x3 untenAngebot-Nr. 21191121;0;6;mm;17;40.5196;30;0;0;6;97;None;mm;Fz;0.015;0.00628318;0.015;V;200;200;Y;100;100;200;;;Schrumpffutter_normal_(vernickelt)_308172_6;;On B-axis;0;0;4;30;202392 4;308172 6;0;;HSK 63;1;0;0;0;0;0;0;0;-1e-12;0;CW;0;;0;;0;0;mm
657;SPEZIAL_VARIOVAC_5X3_UNTEN;END MILL;5x3_unten_Spezialfr�ser_Variovac;1;mm;5;0;0;0;0;3;Spezialfr�ser f�r Variovac/ 5er Fr�ser mit Haken / 5x3 untenAngebot-Nr. 21191121;0;5;mm;17;40.5196;7.2;0;0;6;97;None;mm;Fz;0.015;0.00628318;0.015;V;200;200;Y;100;100;200;;;Schrumpffutter_normal_(vernickelt)_308172_6;;On B-axis;0;0;5;30;202392 5;308172 6;0;;HSK 63;1;0;0;0;0;0;0;0;-1e-12;0;CW;0;;0;;0;0;mm
658;SPEZIAL_VARIOVAC_3.5X2.5_UNTEN;END MILL;3.5x2.5_unten_Spezialfr�ser_Variovac;1;mm;3.5;0;0;0;0;3;Spezialfr�ser f�r Variovac/ 5er Fr�ser mit Haken / 5x3 untenAngebot-Nr. 21191121;0;6;mm;8;43.01;15;0;0;10;88;None;mm;F;1000;300;800;S;3500;3500;N;100;100;200;;;Schrumpffutter_normal_(vernickelt)_308172_6;;On B-axis;0;0;3.5;90;202392 5;308172 6;0;;HSK 63;1;0;0;0;0;0;0;0;0;0;CW;0;;0;;0;0;mm
659;SPEZIAL_KUGELFRAESER_D8.6;BALL NOSE MILL;D8.6_Spezialkugelfr�ser_Variovac;1;mm;8.6;0;4.3;0;0;4;Sonderkugelfr�ser Variovac / D8.6mm;0;10;mm;41;100;35;0;0;25;161;None;mm;F;800;500;800;S;5000;5000;Y;100;100;200;;;Weldon_304315_10;;On B-axis;0;0;8.6;45;9001200;304315 10;0;;HSK 63;1;0;0;0;0;0;0;0;-1e-12;0;CW;0;;0;;0;0;mm
670;ADENSO_D3X2.9;END MILL;Adenso_SWZ_2.9x3;1;mm;3;0;0;0;0;2;Adenso_SWZ_2.9x3 / 9000200 / Angebot-Nr. 21214472;0;3;mm;58;50;3.6;0;0;3;88;None;mm;F;300;300;300;S;17500;17500;N;100;100;200;;;Schrumpffutter_normal_(vernickelt)_308172_6;;On B-axis;0;0;3;0;9000200;308172 6;0;;HSK 63;1;0;0;0;0;0;0;0;0;0;CW;0;;0;;0;0;mm
671;ADENSO_D3.8X4;END MILL;Adenso_SWZ_4x3.8;1;mm;3.8;0;0;0;0;2;Adenso_SWZ_4x3.8;0;3.8;mm;60;50;50;0;0;50;90;None;mm;F;300;300;300;S;17500;17500;N;100;100;200;;;Schrumpffutter_normal_(vernickelt)_308172_6;;On B-axis;0;0;3.8;0;9001120;308172 6;0;;HSK 63;1;0;0;0;0;0;0;0;0;0;CW;0;;0;;0;0;mm
672;ADENSO_D4.3X4;END MILL;Adenso_SWZ_4.3x4;1;mm;4.3;0;0;0;0;1;;0;4.3;mm;45;45;5.16;0;0;4.3;80;None;mm;F;400;300;400;S;17500;17500;N;100;100;200;;;Schrumpffutter_normal_(vernickelt)_308172_6;;On B-axis;0;0;4.3;0;9000200;308172 6;0;;HSK 63;1;0;0;0;0;0;0;0;0;0;CW;0;;0;;0;0;mm
673;ADENSO_D4.5X4;END MILL;Adenso_SWZ_4x4.5;1;mm;4.5;0;0;0;0;3;Adenso_SWZ_4x4.5 / Angebot-Nr. 21191121;0;4.5;mm;59;50;50;0;0;50;89;None;mm;F;600;600;600;S;17500;17500;N;100;100;200;;;Schrumpffutter_normal_(vernickelt)_308172_6;;On B-axis;0;0;4.5;0;9000200;308172 6;0;;HSK 63;1;0;0;0;0;0;0;0;0;0;CW;0;;0;;0;0;mm
674;ADENSO_D4.5X4.3;END MILL;Adenso_SWZ_4.3x4.5;1;mm;4.5;0;0;0;0;3;Adenso_SWZ_4.3x4.5;0;4.5;mm;65;50;50;0;0;50;95;None;mm;F;600;600;600;S;17500;17500;N;100;100;200;;;Schrumpffutter_normal_(vernickelt)_308172_6;;On B-axis;0;0;4.5;0;9000200;308172 6;0;;HSK 63;1;0;0;0;0;0;0;0;0;0;CW;0;;0;;0;0;mm
708;D0.8_BOHRER_VHM;DRILL;D0.8_VHM_Microbohrer_121220_0.8;1;mm;0.8;130;0;0;0;1;VHM Microbohrer / 121220;0;3;mm;13.5;38;11;0;0;10.5;135;None;mm;Fz;0.01;0.0115997;0.01;V;65;65;Y;100;100;200;;;extra_Schlanke_Spannzange_A120mm_304972;;On B-axis;0;0;1;30;121220 0 8;304972 2-6;309563 4;;HSK 63;1;0;0;0;0;0;0;0;0;0;CW;0;;0;;0;0;mm
710;D1.0_BOHRER_VHM;DRILL;D1_VHM_Microbohrer_121220_1;1;mm;1;130;0;0;0;1;VHM Microbohrer / 121220;0;3;mm;13.5;38;11;0;0;10.5;175;None;mm;Fz;0.01;0.0115997;0.01;V;65;65;Y;100;100;200;;;extra_Schlanke_Spannzange_A160mm_304974;;On B-axis;0;0;1;30;121220 1;304974 2-6;309563 3;;HSK 63;1;0;0;0;0;0;0;0;-1e-12;0;CW;0;;0;;0;0;mm
720;D2.0_BOHRER_VHM;DRILL;D2_VHM_Microbohrer_121220_2;1;mm;2;130;0;0;0;1;VHM Microbohrer / 121220;0;3;mm;15;42;13;0;0;10;135;None;mm;Fz;0.02;0.02;0.02;V;70;70;Y;100;100;200;;;Schrumpffutter_extra_Schlank_A=120mm_308318_3;;On B-axis;0;0;2;30;121220 2;308318 3;0;;HSK 63;1;0;0;0;0;0;0;0;0;0;CW;0;;0;;0;0;mm
729;D2.9_BOHRER_VHM_BLAU;DRILL;D2.9_VHM_Bohrer_HPC_6xD_Edelstahl_122659;1;mm;2.9;140;0;0;0;1;VHM_HPC_Referenzbohrer mit 4 K�hlkanaelen;0;4;mm;25;57;21.05;0;0;21.05;155;None;mm;Fz;0.05;0.05;0.05;V;70;70;Y;100;100;200;;;Schrumpffutter_lang_A=130mm_308196_4;;On B-axis;0;0;4;0;122659 2.9;308196 4;0;;HSK 63;0;0;0;0;0;0;0;0;0;0;CW;0;;0;;0;0;mm
730;D3.0_BOHRER_VHM_8XD;DRILL;D3_8xD_VHM_Hochleistungsbohrer_Gold_123106_3;1;mm;3;135;0;0;0;1;MasterSteel / Speed / 8xD / VHM / 123106;0;6;mm;37;72;33.5;0;0;29;157;None;mm;Fz;0.1;0.1;0.1;V;150;150;Y;100;100;200;;;Schrumpffutter_lang_A=120mm_308192_6;;On B-axis;0;0;3;30;123106 3;308192 6;0;;HSK 63;0;0;0;0;0;0;0;0;0;0;CW;0;;0;;0;0;mm
737;D3.7_BOHRER_VHM_BLAU;DRILL;D3.7_VHM_Bohrer_HPC_6xD_Edelstahl_122659;1;mm;3.7;140;0;0;0;1;VHM_HPC_Referenzbohrer mit 4 K�hlkanaelen;0;6;mm;31;66;28.05;0;0;22.5;151;None;mm;Fz;0.08;0.08;0.08;V;70;70;Y;100;100;200;;;Schrumpffutter_lang_A=120mm_308192_6;;On B-axis;0;0;3.7;45;122659 3.7;308192 6;0;;HSK 63;0;0;0;0;0;0;0;0;0;0;CW;0;;0;;0;0;mm
740;D4.0_BOHRER_VHM_12XD;DRILL;D4.0_12xD_VHM_Hochleistungsbohrer_Gold_123306_4;1;mm;4;135;0;0;0;1;VHM_Bohrer/12xD_Holex/123306/goldene_Beschichtung;0;6;mm;68;102;64;0;0;58;148;None;mm;Fz;0.1;0.1;0.1;V;150;150;Y;100;100;200;;;Schrumpffutter_normal_(vernickelt)_308172_6;;On B-axis;0;0;4;30;123306 4;308172 6;0;;HSK 63;0;0;0;0;0;0;0;0;-1e-12;0;CW;0;;0;;0;0;mm
750;D5.0_BOHRER_VHM_8XD;DRILL;D5_8xD_VHM_Hochleistungsbohrer_Gold_123106_5;1;mm;5;135;0;0;0;1;VHM_Bohrer/8xD_Holex/123106/goldene_Beschichtung;0;6;mm;60;95;57;0;0;49.5;140;None;mm;Fz;0.1;0.1;0.1;V;150;150;Y;100;100;200;;;Schrumpffutter_normal_(vernickelt)_308172_6;;On B-axis;0;0;5;30;123106 5;308172 6;0;;HSK 63;0;0;0;0;0;0;0;0;0;0;CW;0;;0;;0;0;mm
759;D5.9_BOHRER_VHM_BLAU;DRILL;D5.9_VHM_Bohrer_HPC_6xD_Edelstahl_122659;1;mm;5.9;140;0;0;0;1;VHM_HPC_Referenzbohrer mit 4 K�hlkanaelen 122659;0;6;mm;48;82;44.05;0;0;35.3;168;None;mm;Fz;0.12;0.12;0.12;V;70;70;Y;100;100;200;;;Schrumpffutter_lang_A=120mm_308192_6;;On B-axis;0;0;5.9;45;122659 5.9;308192 6;0;;HSK 63;0;0;0;0;0;0;0;0;0;0;CW;0;;0;;0;0;mm
760;D6.0_BOHRER_VHM_8XD;DRILL;D6_8xD_VHM_Hochleistungsbohrer_Gold_123106_6;1;mm;6;135;0;0;0;1;VHM_Bohrer/8xD_Holex/123106/goldene_Beschichtung;0;6;mm;60;95;57;0;0;48;180;None;mm;Fz;0.1;0.1;0.1;V;150;150;Y;100;100;200;;;Schrumpffutter_lang_A=120mm_308192_6;;On B-axis;0;0;6;30;123106 6;308192 6;0;;HSK 63;0;0;0;0;0;0;0;0;0;0;CW;0;;0;;0;0;mm
761;D6.1_BOHRER_VHM_8XD;DRILL;D6.1_8xD_VHM_Hochleistungsbohrer_Gold_123106_6.1;1;mm;6.1;135;0;0;0;1;D6.1 VHM_Bohrer/8xD_Holex/123106/goldene_Beschichtung;0;8;mm;80;114;76;0;0;66.9;160;None;mm;Fz;0.13;0.13;0.13;V;150;150;Y;100;100;200;;;Schrumpffutter_normal_(vernickelt)_308172_8;;On B-axis;0;0;6.1;30;123106 6.1;308172 8;0;;HSK 63;0;0;0;0;0;0;0;0;0;0;CW;0;;0;;0;0;mm
768;D6.8_BOHRER_VHM_BLAU;DRILL;D6.8_VHM_Bohrer_HPC_6xD_Edelstahl_122659;1;mm;6.8;140;0;0;0;1;VHM_HPC_Referenzbohrer mit 4 K�hlkanaelen 122659;0;8;mm;57;91;53;0;0;42.8;177;None;mm;Fz;0.12;0.12;0.12;V;70;70;Y;100;100;200;;;Schrumpffutter_lang_A=120mm_308192_8;;On B-axis;0;0;6.8;45;122659 6.8;308192 8;0;;HSK 63;0;0;0;0;0;0;0;0;0;0;CW;0;;0;;0;0;mm
770;D7.0_BOHRER_VHM_6XD;DRILL;D7.0_MasterSteel_Speed_6xD_122715_7.0;1;mm;7;135;0;0;0;1;MasterSteel / Speed / 6xD / VHM / 122715;0;8;mm;57;91;53;0;0;42.5;137;None;mm;Fz;0.2;0.2;0.2;V;150;150;Y;100;100;200;;;Schrumpffutter_normal_(vernickelt)_308172_8;;On B-axis;0;0;7;60;122715_7.0;308172_8;0;;HSK 63;0;0;0;0;0;0;0;0;0;0;CW;0;;0;;0;0;mm
775;D7.5_BOHRER_VHM_BLAU;DRILL;D7.5_VHM_Bohrer_HPC_6xD_Edelstahl_122659;1;mm;7.5;140;0;0;0;1;VHM_HPC_Referenzbohrer mit 4 K�hlkanaelen 122659;0;8;mm;57;91;53;0;0;42.8;177;None;mm;Fz;0.12;0.12;0.12;V;70;70;Y;100;100;200;;;Schrumpffutter_lang_A=120mm_308192_8;;On B-axis;0;0;7.5;45;122659 7.5;308192 8;0;;HSK 63;0;0;0;0;0;0;0;0;0;0;CW;0;;0;;0;0;mm
785;D8.5_BOHRER_VHM_6XD;DRILL;D8.5_8xD_VHM_Hochleistungsbohrer_Gold_123106_8.5;1;mm;8.5;135;0;0;0;1;D8.5 VHM_Bohrer/8xD_Holex/123106/goldene_Beschichtung;0;10;mm;99;142;94.67;0;0;81.5;184;None;mm;Fz;0.13;0.13;0.13;V;150;150;Y;100;100;200;;;Schrumpffutter_normal_(vernickelt)_308172_10;;On B-axis;0;0;8.5;30;123106 8 5;308172 10;0;;HSK 63;0;0;0;0;0;0;0;0;0;0;CW;0;;0;;0;0;mm
788;D8.8_BOHRER_VHM_8XD;DRILL;D8.8_8xD_VHM_Hochleistungsbohrer_Gold_123106_8.8;1;mm;8.8;135;0;0;0;1;D8.8 VHM_Bohrer/8xD_Holex/123106/goldene_Beschichtung;0;10;mm;99;142;94.67;0;0;81.5;184;None;mm;Fz;0.13;0.13;0.13;V;150;150;Y;100;100;200;;;Schrumpffutter_normal_(vernickelt)_308172_10;;On B-axis;0;0;8.8;30;123106 8.8;308172 10;0;;HSK 63;0;0;0;0;0;0;0;0;0;0;CW;0;;0;;0;0;mm
793;D9.3_BOHRER_VHM_6XD;DRILL;D9.3_6xD_VHM_Hochleistungsbohrer_Gold_122630_9.3;1;mm;9.3;140;0;0;0;1;VHM_Bohrer_Hochleistungsbohrer 6xD 122630;0;10;mm;65;103;61.05;0;0;47.1;185;None;mm;Fz;0.22;0.22;0.22;V;110;110;Y;100;100;200;;;Schrumpffutter_lang_A=120mm_308192_10;;On B-axis;0;0;9.3;45;122630 9 3;308192 10;0;;HSK 63;0;0;0;0;0;0;0;0;0;0;CW;0;;0;;0;0;mm
802;D10.2_BOHRER_VHM_BLAU;DRILL;D10.2_VHM_Bohrer_HPC_6xD_Edelstahl_122659;1;mm;10.2;140;0;0;0;1;VHM_HPC_Referenzbohrer mit 4 K�hlkanaelen;0;12;mm;75;118;71;0;0;55.7;195;None;mm;F;327;327;327;V;70;70;Y;100;100;200;;;Schrumpffutter_lang_A=120mm_308192_12;;On B-axis;0;0;10;45;122659 10.2;308192 12;0;;HSK 63;0;0;0;0;0;0;0;0;0;0;CW;0;;0;;0;0;mm
820;D12_BOHRER_VHM_8XD_ALU;DRILL;D12_VHM_Bohrer_HPC_8xD_ALU_122808_12;1;mm;12;135;0;0;0;1;VHM Bohrer HPC / ALU / 8xD / 122808;0;12;mm;119;162;115;0;0;114;209;None;mm;Fz;0.4;0.4;0.4;V;320;320;Y;100;100;200;;;Schrumpffutter_normal_(vernickelt)_308172_12;;On B-axis;0;0;12;0;122808 12;308172 12;0;;HSK 63;0;0;0;0;0;0;0;0;0;0;CW;0;;0;;0;0;mm
835;D13.5_BOHRER_VHM_BLAU;DRILL;D13.5_VHM_Bohrer_HPC_6xD_Edelstahl_122659;1;mm;13.5;140;0;0;0;1;VHM_HPC_Referenzbohrer mit 4 K�hlkanaelen;0;14;mm;81;124;77.05;0;0;55.7;201;None;mm;F;327;327;327;V;70;70;Y;100;100;200;;;Schrumpffutter_lang_A=120mm_308192_14;;On B-axis;0;0;14;0;122659 13.5;308192 14;0;;HSK 63;0;0;0;0;0;0;0;0;0;0;CW;0;;0;;0;0;mm
840;D14_WP_BOHRER;BORE;D14_Wendeplattenbohrer_QR0140070JER00;1;mm;14;0;0.4;0;0;2;D14_Wendeplattenbohrer_QR0140070JER00 / Ingersoll;0;14;mm;170;136.4;40;0;0;6;170;None;mm;F;120;120;120;V;160;160;N;100;100;200;;;Vollbohrer_25_307005_25;;On B-axis;0;0;14;0;QR0140070JER00;307005 25;0;;HSK 63;1;0;0;0;0;0;0;0;0;0;CW;0;;0;;0;0;mm
845;D20_BOHRER_WSP_VHM;DRILL;D20_BOHRER_VHM_WSP;1;mm;20;118;0;0;0;1;D20_BOHRER_VHM_WSP;0;20;mm;205;250;210;0;0;190;285;None;mm;Fz;0.3;0.3;0.3;V;50;50;Y;100;100;200;;;Weldon_304272_20;;On B-axis;0;0;20;0;unbekannt;304272 20;0;;HSK 63;1;0;0;0;0;0;0;0;0;0;CW;0;;0;;0;0;mm
850;D25_WP_BOHRER;BORE;D25_Wendeplattenbohrer_QR0250100JFR00;1;mm;25;0;0.4;0;0;2;D25_Wendeplattenbohrer_QR0250100JFR00 / Ingersoll;0;25;mm;211;177.5;3.6;0;0;3;211;None;mm;F;120;120;120;V;160;160;N;100;100;200;;;Vollbohrer_25_307005_25;;On B-axis;0;0;25;0;QR0250100JFR00;307005 25;0;;HSK 63;1;0;0;0;0;0;0;0;0;0;CW;0;;0;;0;0;mm
851;D25_BOHRER_HSS;DRILL;D25_BOHRER_HSS;1;mm;25;118;0;0;0;1;G�HRING BSBK;0;30;mm;155;200;150;0;0;140;235;None;mm;Fz;0.1;0.3;0.1;V;50;50;Y;100;100;200;;;Weldon_304272_20;;On B-axis;0;0;25;90;unbekannt;304272 20;0;;HSK 63;0;0;0;0;0;0;0;0;0;0;CW;0;;0;;0;0;mm
855;D35_WP_BOHRER;BORE;D35_Wendeplattenbohrer_QR0350140JGR00;1;mm;35;0;0.4;0;0;2;D35_Wendeplattenbohrer_QR0350140JGR00 / Ingersoll;0;35;mm;259;219;12;0;0;10;259;None;mm;F;120;120;120;V;160;160;N;100;100;200;;;Vollbohrer_32_307005_32;;On B-axis;0;0;35;0;QR0350140JGR00;307005 32;0;;HSK 63;1;0;0;0;0;0;0;0;0;0;CW;0;;0;;0;0;mm
1214;D12_ALU_DLC_NEU;END MILL;D12_ALU_DLC_202272_12;1;mm;12;0;0;0;0;3;VHM Schaftfr�ser/DLC/ALU/normale Schneiden/202272;0;12;mm;40;83;36;0;0;26;160;None;mm;F;1360.77;800;900;V;380;410;Y;100;100;200;;;Schrumpffutter_lang_A=120mm_308192_12;;On B-axis;0;0;12;0;202272 12;308192 12;0;;HSK 63;0;0;0;0;0;0;0;0;0;0;CW;0;;0;;0;0;mm
1215;D16_ALU_DLC_NEU;END MILL;D16_ALU_DLC_202272_16;1;mm;16;0;0;0;0;3;VHM Schaftfr�ser/DLC/ALU/normale Schneiden/202272;0;16;mm;47;92;42;0;0;36;177;None;mm;F;1247.38;750;800;V;380;410;Y;100;100;200;;;Schrumpffutter_lang_A=130mm_308196_16;;On B-axis;0;0;16;0;202272 16;308196 16;0;;HSK 63;0;0;0;0;0;0;0;0;0;0;CW;0;;0;;0;0;mm
1216;D20_CHIP_SURFER_ALU;FACE MILL;D20_Chip_Surfer_46D20012TSRD05;1;mm;20;0;0;0;0;4;Ingersoll / Chip Surfer / 5811393 - 46D20012TSRD05;90;32;mm;38.8;39.3;14.4;14.4;0;12;225;None;mm;Fz;0.08;0.08;0.08;V;900;900;N;100;100;200;;;Schrumpffutter_kurz_308165_20;;On B-axis;0;20;32;0;46D20012TSRD05;308165 20;S020T12HA120;;HSK 63;0;0;0;0;0;0;0;0;0;0;CW;0;;0;;0;0;mm
1350;PILOT_D5_VHM_ALU;DRILL;VHM_Pilot_ALU_122606_5;1;mm;5;140;0;0;0;1;VHM Pilotbohrer / ALU / Gelbring;0;6;mm;42;82;38;0;0;36.5;122;None;mm;Fz;0.25;0.25;0.25;V;350;350;Y;100;100;200;;;Schrumpffutter_normal_(vernickelt)_308172_6;;On B-axis;0;0;5;45;122606 5;308172 6;0;;HSK 63;0;0;0;0;0;0;0;0;0;0;CW;0;;0;;0;0;mm
1360;PILOT_D6_VHM_ALU;DRILL;VHM_Pilot_ALU_122606_6;1;mm;6;140;0;0;0;1;VHM Pilotbohrer / ALU / Gelbring;0;6;mm;40;82;36;0;0;35;120;None;mm;Fz;0.25;0.25;0.25;V;350;350;Y;100;100;200;;;Schrumpffutter_normal_(vernickelt)_308172_6;;On B-axis;0;0;6;45;122606 6;308172 6;0;;HSK 63;0;0;0;0;0;0;0;0;0;0;CW;0;;0;;0;0;mm
1380;PILOT_D8_VHM_ALU;DRILL;VHM_Pilot_ALU_122606_8;1;mm;8;140;0;0;0;1;VHM Pilotbohrer / ALU / Gelbring;0;8;mm;57;91;54;0;0;53;137;None;mm;Fz;0.32;0.32;0.32;V;350;350;Y;100;100;200;;;Schrumpffutter_normal_(vernickelt)_308172_8;;On B-axis;0;0;8;45;122606 8;308172 8;0;;HSK 63;0;0;0;0;0;0;0;0;0;0;CW;0;;0;;0;0;mm
1400;PILOT_D10_VHM_ALU;DRILL;VHM_Pilot_ALU_122606_10;1;mm;10;140;0;0;0;1;VHM Pilotbohrer / ALU / Gelbring;0;10;mm;66;103;62;0;0;61;151;None;mm;Fz;0.4;0.4;0.4;V;350;350;Y;100;100;200;;;Schrumpffutter_normal_(vernickelt)_308172_10;;On B-axis;0;0;10;0;122606 10;308172 10;0;;HSK 63;0;0;0;0;0;0;0;0;0;0;CW;0;;0;;0;0;mm
1522;D2.2_TIEFLOCH_20XD;DRILL;D2.2_Tiefloch_20xD_123690_2.2;1;mm;2.2;135;0;0;0;1;VHM-HPC-Tieflochbohrer zylindrischer Schaft DIN 6535 HA 20�D 2 2 mm;0;4;mm;55;92;50;0;0;46.7;135;None;mm;Fz;0.06;0.06;0.06;V;100;100;Y;100;100;200;;;Schrumpffutter_normal_(vernickelt)_308172_4;;On B-axis;0;0;4;0;123690 2.2;308172 4;0;;HSK 63;0;0;0;0;0;0;0;0;0;0;CW;0;;0;;0;0;mm
1530;D3_TIEFLOCH_20XD;DRILL;D3_Tiefloch_20xD_123690_3;1;mm;3;135;0;0;0;1;VHM-HPC-Tieflochbohrer zylindrischer Schaft DIN 6535 HA 20�D 3 mm;0;6;mm;80;120;80;0;0;75.5;160;None;mm;Fz;0.06;0.06;0.06;V;100;100;Y;100;100;200;;;Schrumpffutter_normal_(vernickelt)_308172_6;;On B-axis;0;0;6;0;123690 3;308172 6;0;;HSK 63;0;0;0;0;0;0;0;0;0;0;CW;0;;0;;0;0;mm
1550;D5_TIEFLOCH_ALU_25XD;DRILL;D5_Tiefloch_25xD_123593_5;1;mm;5;135;0;0;0;1;VHM-HPC-Tieflochbohrer zylindrischer Schaft DIN 6535 HA 25�D 5 mm;0;6;mm;140;180;135;0;0;127.5;220;None;mm;Fz;0.02;0.02;0.02;V;120;120;Y;100;100;200;;;Schrumpffutter_normal_(vernickelt)_308172_6;;On B-axis;0;0;6;0;123593 5;308172 6;0;;HSK 63;0;0;0;0;0;0;0;0;0;0;CW;0;;0;;0;0;mm
1560;D6_TIEFLOCH_ALU_25XD;DRILL;D6_Tiefloch_25xD_123593_6;1;mm;6;135;0;0;0;1;VHM Tieflochbohrer / 25xD / ALU;0;6;mm;168;240;160;0;0;159;248;None;mm;Fz;0.2;0.2;0.2;V;135;135;Y;100;100;200;;;Schrumpffutter_normal_(vernickelt)_308172_6;;On B-axis;0;0;6;0;123593 6;308172 6;0;;HSK63;0;0;0;0;0;0;0;0;0;0;CW;0;;0;;0;0;mm
1580;D8_TIEFLOCH_ALU_20XD;DRILL;D8_Tiefloch_20xD_123590_8;1;mm;8;135;0;0;0;1;VHM Tieflochbohrer / 20xD / ALU;0;8;mm;186;230;181;0;0;180;266;None;mm;Fz;0.25;0.25;0.25;V;150;150;Y;100;100;200;;;Schrumpffutter_normal_(vernickelt)_308172_8;;On B-axis;0;0;8;0;123590 8;308172 8;0;;HSK 63;0;0;0;0;0;0;0;0;0;0;CW;0;;0;;0;0;mm
1581;D8_TIEFLOCH_ALU_25XD;DRILL;D8_Tiefloch_25xD_123593_8;1;mm;8;135;0;0;0;1;VHM Tieflochbohrer / 25xD / ALU;0;8;mm;225;260;221;0;0;220;305;None;mm;Fz;0.25;0.25;0.25;V;135;135;Y;100;100;200;;;Schrumpffutter_normal_(vernickelt)_308172_8;;On B-axis;0;0;8;0;123593 8;308172 8;0;;HSK 63;0;0;0;0;0;0;0;0;0;0;CW;0;;0;;0;0;mm
1600;D10_TIEFLOCH_ALU_25XD;DRILL;D10_Tiefloch_25xD_123593_10;1;mm;10;135;0;0;0;1;VHM Tieflochbohrer / 25xD / ALU;0;10;mm;273;310;269;0;0;268;358;None;mm;Fz;0.3;0.3;0.3;V;135;135;Y;100;100;200;;;Schrumpffutter_normal_(vernickelt)_308172_10;;On B-axis;0;0;10;0;123593 10;308172 10;0;;HSK 63;0;0;0;0;0;0;0;0;0;0;CW;0;;0;;0;0;mm
1601;D10_TIEFLOCH_ALU_30XD;DRILL;D10_Tiefloch_30xD_123595_10;1;mm;10;135;0;0;0;1;VHM Tieflochbohrer / 25xD / ALU;0;10;mm;335;380;331;0;0;330;420;None;mm;Fz;0.27;0.27;0.27;V;120;120;Y;100;100;200;;;Schrumpffutter_normal_(vernickelt)_308172_10;;On B-axis;0;0;10;0;123595 10;308172 10;0;;HSK 63;0;0;0;0;0;0;0;0;0;0;CW;0;;0;;0;0;mm
1602;D10.2_TIEFLOCH_ALU_30XD;DRILL;D10_Tiefloch_30xD_123595_10.2;1;mm;10.2;135;0;0;0;1;VHM-HPC-Tieflochbohrer zylindrischer Schaft DIN 6535 HA 30�D 10 2 mm;0;12;mm;350;430;255;0;0;240;440;None;mm;F;468.103;468.103;468.103;V;100;100;Y;100;100;200;;;Schrumpffutter_normal_(vernickelt)_308172_12;;On B-axis;0;0;12;0;123595 10.2;308172 12;0;;HSK 63;0;0;0;0;0;0;0;0;0;0;CW;0;;0;;0;0;mm
